#EventID;Time;Latitude;Longitude;Depth-Km;Author;Catalog;Contributor;ContributorID;MagType;Magnitude;MagAuthor;EventLocationName
7073641;24-08-2016 01:36:32;42,7038;13,2382;4,2;BULLETIN-INGV;;;;Mw;6;--;Rieti
7073771;24-08-2016 01:40:46;42,7928;13,1968;3,5;SURVEY-INGV;;;;ML;3,8;--;Ascoli Piceno
7073781;24-08-2016 01:41:39;42,7807;13,1523;7,1;SURVEY-INGV;;;;ML;3,9;--;Perugia
7073901;24-08-2016 01:46:12;42,7613;13,1532;5,5;SURVEY-INGV;;;;ML;3,7;--;Perugia
7074061;24-08-2016 01:52:43;42,657;13,2327;10,8;SURVEY-INGV;;;;ML;3,1;--;Rieti
7074171;24-08-2016 01:56:01;42,6138;13,275;4,8;SURVEY-INGV;;;;ML;4,4;--;Rieti
7074291;24-08-2016 01:57:23;42,7173;13,229;10,8;SURVEY-INGV;;;;ML;3,4;--;Rieti
7074411;24-08-2016 02:01:08;42,7982;13,2553;8,5;SURVEY-INGV;;;;ML;3,9;--;Ascoli Piceno
7074621;24-08-2016 02:05:56;42,6072;13,2762;10,3;SURVEY-INGV;;;;ML;3,9;--;Rieti
7074701;24-08-2016 02:07:30;42,6577;13,3182;9,6;SURVEY-INGV;;;;ML;3,8;--;Rieti
7074841;24-08-2016 02:09:56;42,7417;13,1987;8,6;SURVEY-INGV;;;;ML;3,6;--;Rieti
7075001;24-08-2016 02:10:56;42,7577;13,1877;10,7;SURVEY-INGV;;;;ML;3,8;--;Rieti
7075081;24-08-2016 02:12:12;42,8107;13,1587;10,2;SURVEY-INGV;;;;ML;3,5;--;Perugia
7075191;24-08-2016 02:13:57;42,773;13,1677;10,7;SURVEY-INGV;;;;ML;3,7;--;Perugia
7075371;24-08-2016 02:19:44;42,635;13,2317;10,1;SURVEY-INGV;;;;ML;3,8;--;Rieti
7075961;24-08-2016 02:28:58;42,6263;13,2787;10,5;SURVEY-INGV;;;;ML;3,2;--;Rieti
7076031;24-08-2016 02:30:49;42,8052;13,1162;3,8;SURVEY-INGV;;;;ML;3,4;--;Perugia
7076121;24-08-2016 02:32:29;42,8118;13,1537;8,5;SURVEY-INGV;;;;Md;2,5;--;Perugia
7076161;24-08-2016 02:33:29;42,7935;13,1537;8,7;SURVEY-INGV;;;;Mw;5,3;--;Perugia
7076501;24-08-2016 02:44:54;42,6368;13,2447;10,5;SURVEY-INGV;;;;ML;2,8;--;Rieti
7076791;24-08-2016 02:48:52;42,7948;13,1598;6,8;SURVEY-INGV;;;;ML;3;--;Perugia
7076931;24-08-2016 02:51:26;42,7682;13,2217;6,2;SURVEY-INGV;;;;ML;3,7;--;Ascoli Piceno
7077041;24-08-2016 02:54:14;42,739;13,1767;6;SURVEY-INGV;;;;ML;3,1;--;Rieti
7077061;24-08-2016 02:54:14;42,7422;13,2033;9,5;SURVEY-INGV;;;;ML;3,1;--;Rieti
7077131;24-08-2016 02:55:40;42,6512;13,279;1,2;SURVEY-INGV;;;;ML;3,5;--;Rieti
7077321;24-08-2016 02:59:35;42,7985;13,1425;9;SURVEY-INGV;;;;ML;4,1;--;Perugia
7077441;24-08-2016 03:01:43;42,7652;13,2233;6,6;SURVEY-INGV;;;;ML;3,1;--;Ascoli Piceno
7077551;24-08-2016 03:05:17;42,7363;13,1535;9,7;SURVEY-INGV;;;;ML;2,6;--;Perugia
7077781;24-08-2016 03:08:11;42,6123;13,2713;15,4;SURVEY-INGV;;;;ML;4;--;Rieti
7077931;24-08-2016 03:09:15;42,6962;13,2322;9,6;SURVEY-INGV;;;;ML;3,7;--;Rieti
7078081;24-08-2016 03:11:48;42,6352;13,2488;10,1;SURVEY-INGV;;;;ML;3,4;--;Rieti
7078151;24-08-2016 03:13:10;42,6995;13,218;3,4;SURVEY-INGV;;;;ML;3,2;--;Rieti
7078261;24-08-2016 03:16:30;42,7255;13,1662;8,8;SURVEY-INGV;;;;ML;3,5;--;Rieti
7078371;24-08-2016 03:17:59;42,7617;13,1592;8,4;SURVEY-INGV;;;;ML;3,8;--;Perugia
7078391;24-08-2016 03:19:04;42,7862;13,21;5,7;SURVEY-INGV;;;;ML;3,7;--;Ascoli Piceno
7078601;24-08-2016 03:22:38;42,7693;13,19;6,3;SURVEY-INGV;;;;ML;3,1;--;Perugia
7078781;24-08-2016 03:26:14;42,75;13,1857;8,5;SURVEY-INGV;;;;ML;2,8;--;Rieti
7079041;24-08-2016 03:30:44;42,737;13,214;9,6;SURVEY-INGV;;;;ML;2,7;--;Rieti
7079131;24-08-2016 03:31:46;42,7533;13,1623;6,2;SURVEY-INGV;;;;ML;2,9;--;Perugia
7079501;24-08-2016 03:40:11;42,6168;13,2453;10,6;SURVEY-INGV;;;;Mw;4,1;--;Rieti
7079591;24-08-2016 03:42:50;42,7728;13,2088;5,8;SURVEY-INGV;;;;ML;2,8;--;Ascoli Piceno
7079941;24-08-2016 03:45:43;42,7317;13,155;3,6;SURVEY-INGV;;;;ML;2,8;--;Perugia
7080211;24-08-2016 03:49:29;42,7882;13,2043;6,8;SURVEY-INGV;;;;ML;2,8;--;Ascoli Piceno
7080341;24-08-2016 03:51:10;42,8133;13,1662;8,4;SURVEY-INGV;;;;ML;3;--;Perugia
7080471;24-08-2016 03:52:35;42,7113;13,2172;7,9;SURVEY-INGV;;;;ML;3,1;--;Rieti
7080511;24-08-2016 03:53:55;42,6647;13,2577;5,2;SURVEY-INGV;;;;ML;3;--;Rieti
7080611;24-08-2016 03:55:21;42,7968;13,1493;6,6;SURVEY-INGV;;;;ML;2,7;--;Perugia
7080911;24-08-2016 03:59:58;42,722;13,2188;9,9;SURVEY-INGV;;;;ML;3,5;--;Rieti
7080971;24-08-2016 04:00:51;42,738;13,2247;10,2;SURVEY-INGV;;;;ML;3,2;--;Rieti
7081101;24-08-2016 04:03:32;42,6645;13,2148;9,9;SURVEY-INGV;;;;ML;2,8;--;Rieti
7081241;24-08-2016 04:05:16;42,7322;13,1553;9,1;SURVEY-INGV;;;;ML;2,7;--;Perugia
7081331;24-08-2016 04:06:51;42,7692;13,1247;7,6;SURVEY-INGV;;;;Mw;4,4;--;Perugia
7081561;24-08-2016 04:12:10;42,7823;13,2088;6,6;SURVEY-INGV;;;;ML;2,9;--;Ascoli Piceno
7081651;24-08-2016 04:14:08;42,8343;13,1687;10,9;SURVEY-INGV;;;;ML;2,6;--;Macerata
7081701;24-08-2016 04:15:19;42,8183;13,1907;9,5;SURVEY-INGV;;;;ML;3,1;--;Perugia
7082181;24-08-2016 04:24:25;42,5687;13,255;10,3;SURVEY-INGV;;;;ML;2,9;--;L'Aquila
7082291;24-08-2016 04:25:59;42,6413;13,2408;9,4;SURVEY-INGV;;;;ML;3,6;--;Rieti
7082431;24-08-2016 04:27:42;42,8192;13,1657;9;SURVEY-INGV;;;;ML;3,1;--;Perugia
7082651;24-08-2016 04:30:54;42,6402;13,2177;9,3;SURVEY-INGV;;;;ML;3;--;Rieti
7082751;24-08-2016 04:33:10;42,6283;13,2397;10,1;SURVEY-INGV;;;;ML;3,5;--;Rieti
7083031;24-08-2016 04:38:10;42,6352;13,2247;9,9;SURVEY-INGV;;;;ML;3,5;--;Rieti
7083361;24-08-2016 04:44:39;42,7352;13,1847;9,7;SURVEY-INGV;;;;ML;3,7;--;Rieti
7083501;24-08-2016 04:47:26;42,7812;13,148;5,2;SURVEY-INGV;;;;ML;2,5;--;Perugia
7083591;24-08-2016 04:50:27;42,7712;13,1953;6,8;SURVEY-INGV;;;;ML;2,3;--;Ascoli Piceno
7083711;24-08-2016 04:52:45;42,7302;13,179;11,3;SURVEY-INGV;;;;ML;3;--;Rieti
7083821;24-08-2016 04:55:19;42,6008;13,2893;7;SURVEY-INGV;;;;ML;3;--;Rieti
7083931;24-08-2016 04:57:37;42,8388;13,0475;8,7;SURVEY-INGV;;;;ML;3,6;--;Perugia
7083991;24-08-2016 04:59:17;42,7207;13,231;9,5;SURVEY-INGV;;;;ML;2,9;--;Rieti
7084191;24-08-2016 05:02:25;42,4597;13,2865;9,8;SURVEY-INGV;;;;ML;3,6;--;L'Aquila
7084281;24-08-2016 05:04:42;42,7678;13,1677;5,8;SURVEY-INGV;;;;ML;2,5;--;Perugia
7084471;24-08-2016 05:08:26;42,8162;13,1998;8;SURVEY-INGV;;;;ML;2,4;--;Perugia
7085341;24-08-2016 05:24:00;42,7563;13,2222;6,4;SURVEY-INGV;;;;ML;3,2;--;Ascoli Piceno
7085571;24-08-2016 05:28:59;42,7278;13,1805;10,2;SURVEY-INGV;;;;ML;2,8;--;Rieti
7085671;24-08-2016 05:31:32;42,6735;13,2088;10,4;SURVEY-INGV;;;;ML;3,4;--;Rieti
7085981;24-08-2016 05:36:19;42,7968;13,1493;7,2;SURVEY-INGV;;;;ML;3,4;--;Perugia
7086101;24-08-2016 05:37:46;42,6012;13,2843;10,7;SURVEY-INGV;;;;ML;3;--;Rieti
7086541;24-08-2016 05:45:35;42,6493;13,2088;11,6;SURVEY-INGV;;;;ML;2,8;--;Rieti
7086821;24-08-2016 05:49:21;42,616;13,24;11,4;SURVEY-INGV;;;;ML;2,2;--;Rieti
7087111;24-08-2016 05:54:26;42,8293;13,1567;8,2;SURVEY-INGV;;;;ML;2,4;--;Perugia
7087351;24-08-2016 05:58:55;42,6233;13,2418;10,9;SURVEY-INGV;;;;ML;2,4;--;Rieti
7087501;24-08-2016 06:00:59;42,6115;13,304;10,9;SURVEY-INGV;;;;ML;2,8;--;Rieti
7087561;24-08-2016 06:01:51;42,7338;13,2093;9,8;SURVEY-INGV;;;;ML;2,4;--;Rieti
7087621;24-08-2016 06:03:06;42,7437;13,1727;8,2;SURVEY-INGV;;;;ML;2,2;--;Rieti
7088281;24-08-2016 06:04:37;42,8228;13,2347;8,8;SURVEY-INGV;;;;ML;2,4;--;Ascoli Piceno
7087751;24-08-2016 06:05:11;42,6643;13,2943;5,9;SURVEY-INGV;;;;ML;2,3;--;Rieti
7087861;24-08-2016 06:07:54;42,7533;13,2393;10,3;SURVEY-INGV;;;;ML;2,5;--;Ascoli Piceno
7087911;24-08-2016 06:09:08;42,7567;13,1502;6,2;SURVEY-INGV;;;;ML;2,5;--;Perugia
7088011;24-08-2016 06:11:35;42,6973;13,2052;12,1;SURVEY-INGV;;;;ML;3;--;Rieti
7088551;24-08-2016 06:19:43;42,7873;13,1135;3,5;SURVEY-INGV;;;;ML;2,6;--;Perugia
7088611;24-08-2016 06:21:36;42,8078;13,1978;9,3;SURVEY-INGV;;;;ML;2,7;--;Perugia
7088781;24-08-2016 06:25:13;42,8033;13,2178;9,8;SURVEY-INGV;;;;ML;2,2;--;Ascoli Piceno
7088871;24-08-2016 06:27:00;42,811;13,151;9,7;SURVEY-INGV;;;;ML;3,2;--;Perugia
7089091;24-08-2016 06:35:02;42,8038;13,1705;9,1;SURVEY-INGV;;;;ML;2,6;--;Perugia
7089151;24-08-2016 06:36:30;42,8008;13,1345;9;SURVEY-INGV;;;;ML;2,6;--;Perugia
7089241;24-08-2016 06:39:49;42,7715;13,2292;6,8;SURVEY-INGV;;;;ML;2,7;--;Ascoli Piceno
7089341;24-08-2016 06:44:02;42,7922;13,1553;9;SURVEY-INGV;;;;ML;2,2;--;Perugia
7089421;24-08-2016 06:45:09;42,7678;13,1312;4,3;SURVEY-INGV;;;;ML;2,6;--;Perugia
7089501;24-08-2016 06:46:48;42,8178;13,1497;10,1;SURVEY-INGV;;;;ML;2,2;--;Perugia
7089671;24-08-2016 06:51:31;42,7428;13,2402;5,3;SURVEY-INGV;;;;ML;2,3;--;Rieti
7089721;24-08-2016 06:52:37;42,77;13,2257;6,4;SURVEY-INGV;;;;ML;2,3;--;Ascoli Piceno
7089821;24-08-2016 06:54:54;42,7877;13,1442;10,1;SURVEY-INGV;;;;ML;3,5;--;Perugia
7090041;24-08-2016 06:59:37;42,809;13,1612;11;SURVEY-INGV;;;;ML;2,7;--;Perugia
7090151;24-08-2016 07:00:54;42,6873;13,2367;9,4;SURVEY-INGV;;;;ML;2,3;--;Rieti
7090241;24-08-2016 07:01:50;42,8348;13,1348;10,1;SURVEY-INGV;;;;ML;2,3;--;Perugia
7090531;24-08-2016 07:07:01;42,604;13,23;11,1;SURVEY-INGV;;;;ML;2,9;--;Rieti
7090691;24-08-2016 07:10:04;42,7783;13,173;9,7;SURVEY-INGV;;;;ML;3,6;--;Perugia
7090771;24-08-2016 07:10:55;42,7778;13,1682;7,8;SURVEY-INGV;;;;ML;3,3;--;Perugia
7091111;24-08-2016 07:18:35;42,7303;13,1792;8,5;SURVEY-INGV;;;;ML;2,4;--;Rieti
7091511;24-08-2016 07:25:03;42,7193;13,2352;4,3;SURVEY-INGV;;;;ML;3,1;--;Rieti
7091571;24-08-2016 07:26:57;42,7913;13,1445;10,5;SURVEY-INGV;;;;ML;2,4;--;Perugia
7091651;24-08-2016 07:28:25;42,7063;13,1642;11,1;SURVEY-INGV;;;;ML;2,8;--;Rieti
7091701;24-08-2016 07:28:55;42,8017;13,2083;9,1;SURVEY-INGV;;;;ML;2,5;--;Ascoli Piceno
7091761;24-08-2016 07:29:52;42,7282;13,2268;8;SURVEY-INGV;;;;ML;2,3;--;Rieti
7091991;24-08-2016 07:34:41;42,8168;13,1418;9,6;SURVEY-INGV;;;;ML;2,3;--;Perugia
7092161;24-08-2016 07:39:13;42,7187;13,2478;9,5;SURVEY-INGV;;;;ML;2,3;--;Rieti
7092451;24-08-2016 07:45:37;42,7118;13,2622;9,7;SURVEY-INGV;;;;ML;2,7;--;Rieti
7092601;24-08-2016 07:47:58;42,7382;13,2303;10,4;SURVEY-INGV;;;;ML;2,5;--;Rieti
7092631;24-08-2016 07:48:08;42,777;13,2043;9,9;SURVEY-INGV;;;;ML;3,1;--;Ascoli Piceno
7092701;24-08-2016 07:49:39;42,7757;13,2367;10,5;SURVEY-INGV;;;;ML;2,4;--;Ascoli Piceno
7092891;24-08-2016 07:52:17;42,6428;13,2893;2,5;SURVEY-INGV;;;;ML;3,2;--;Rieti
7092911;24-08-2016 07:53:01;42,806;13,1683;9,1;SURVEY-INGV;;;;ML;3,3;--;Perugia
7093051;24-08-2016 07:55:23;42,8127;13,1653;9,6;SURVEY-INGV;;;;ML;2,8;--;Perugia
7093201;24-08-2016 08:00:56;42,7293;13,2118;9;SURVEY-INGV;;;;ML;2,9;--;Rieti
7093291;24-08-2016 08:01:58;42,776;13,185;10,1;SURVEY-INGV;;;;ML;2,9;--;Perugia
7093381;24-08-2016 08:02:55;42,7923;13,2317;6,8;SURVEY-INGV;;;;ML;2,9;--;Ascoli Piceno
7094271;24-08-2016 08:19:27;42,7372;13,1623;10,7;SURVEY-INGV;;;;ML;2,3;--;Perugia
7094331;24-08-2016 08:19:53;42,6372;13,3038;7,3;SURVEY-INGV;;;;ML;2,5;--;Rieti
7094821;24-08-2016 08:30:38;42,7973;13,1928;9,6;SURVEY-INGV;;;;ML;2,7;--;Perugia
7095131;24-08-2016 08:37:08;42,7573;13,1898;10,4;SURVEY-INGV;;;;ML;2,3;--;Rieti
7095271;24-08-2016 08:38:10;42,703;13,2527;13,8;SURVEY-INGV;;;;ML;2,5;--;Rieti
7095371;24-08-2016 08:39:05;42,8133;13,1942;14,8;SURVEY-INGV;;;;ML;2,7;--;Perugia
7095851;24-08-2016 08:49:02;42,7573;13,1685;10,3;SURVEY-INGV;;;;ML;2,4;--;Perugia
7095961;24-08-2016 08:52:10;42,754;13,2168;3,7;SURVEY-INGV;;;;ML;2,1;--;Ascoli Piceno
7096131;24-08-2016 08:55:33;42,8265;13,2725;6,7;SURVEY-INGV;;;;ML;3,1;--;Ascoli Piceno
7096181;24-08-2016 08:56:38;42,7848;13,1368;10;SURVEY-INGV;;;;ML;2,8;--;Perugia
7096291;24-08-2016 08:58:51;42,7575;13,1775;10,4;SURVEY-INGV;;;;ML;2,7;--;Perugia
7096411;24-08-2016 09:00:31;42,821;13,1627;9,6;SURVEY-INGV;;;;ML;2,4;--;Perugia
7096531;24-08-2016 09:02:59;42,8187;13,195;10,3;SURVEY-INGV;;;;ML;3,2;--;Perugia
7096631;24-08-2016 09:04:38;42,8112;13,1953;10,2;SURVEY-INGV;;;;ML;2,9;--;Perugia
7096681;24-08-2016 09:05:10;42,6535;13,2667;11,8;SURVEY-INGV;;;;ML;2,6;--;Rieti
7096871;24-08-2016 09:09:46;42,7627;13,1783;10,5;SURVEY-INGV;;;;ML;2,2;--;Perugia
7097061;24-08-2016 09:13:30;42,8063;13,2003;9,1;SURVEY-INGV;;;;ML;2,1;--;Ascoli Piceno
7097171;24-08-2016 09:15:01;42,7735;13,1618;10,2;SURVEY-INGV;;;;ML;2,5;--;Perugia
7097501;24-08-2016 09:23:09;42,7623;13,1373;12,9;SURVEY-INGV;;;;ML;2,1;--;Perugia
7097651;24-08-2016 09:25:32;42,8118;13,1832;9,3;SURVEY-INGV;;;;ML;2,4;--;Perugia
7097811;24-08-2016 09:28:08;42,4708;13,2475;12,4;SURVEY-INGV;;;;ML;2,8;--;L'Aquila
7097951;24-08-2016 09:31:43;42,8123;13,1727;9,9;SURVEY-INGV;;;;ML;3,7;--;Perugia
7098001;24-08-2016 09:33:13;42,8173;13,1933;10,6;SURVEY-INGV;;;;ML;2,5;--;Perugia
7098191;24-08-2016 09:36:50;42,4798;13,2378;12,8;SURVEY-INGV;;;;ML;2;--;L'Aquila
7098361;24-08-2016 09:39:12;42,7282;13,2497;9,2;SURVEY-INGV;;;;ML;2,2;--;Rieti
7098471;24-08-2016 09:41:15;42,8212;13,1668;9,9;SURVEY-INGV;;;;ML;2,9;--;Perugia
7098631;24-08-2016 09:43:48;42,6618;13,2958;9;SURVEY-INGV;;;;ML;3,1;--;Rieti
7098761;24-08-2016 09:45:55;42,6097;13,2858;14,4;SURVEY-INGV;;;;ML;2,5;--;Rieti
7098911;24-08-2016 09:48:28;42,6102;13,2018;15,2;SURVEY-INGV;;;;ML;2,2;--;Rieti
7098981;24-08-2016 09:49:58;42,6372;13,2422;10,8;SURVEY-INGV;;;;ML;2,2;--;Rieti
7099141;24-08-2016 09:53:18;42,7807;13,1998;10,8;SURVEY-INGV;;;;ML;2,3;--;Ascoli Piceno
7099231;24-08-2016 09:56:06;42,8167;13,1812;5,7;SURVEY-INGV;;;;ML;2,2;--;Perugia
7099421;24-08-2016 10:00:41;42,7102;13,2357;4,2;SURVEY-INGV;;;;ML;2,4;--;Rieti
7099491;24-08-2016 10:01:28;42,7925;13,2128;9,7;SURVEY-INGV;;;;ML;2,3;--;Ascoli Piceno
7099821;24-08-2016 10:06:42;42,7437;13,1793;10,5;SURVEY-INGV;;;;ML;3,2;--;Rieti
7100041;24-08-2016 10:09:26;42,6535;13,3092;15,8;SURVEY-INGV;;;;ML;3,1;--;Rieti
7100151;24-08-2016 10:11:19;42,7883;13,18;7,1;SURVEY-INGV;;;;ML;2,2;--;Perugia
7100321;24-08-2016 10:15:11;42,716;13,219;9,6;SURVEY-INGV;;;;ML;3;--;Rieti
7100591;24-08-2016 10:19:15;42,7392;13,236;8;SURVEY-INGV;;;;ML;2,5;--;Rieti
7100821;24-08-2016 10:22:43;42,7562;13,1177;8,2;SURVEY-INGV;;;;ML;2,8;--;Perugia
7101171;24-08-2016 10:28:59;42,7567;13,119;6;SURVEY-INGV;;;;ML;2,7;--;Perugia
7101421;24-08-2016 10:32:43;42,603;13,2325;11;SURVEY-INGV;;;;ML;3;--;Rieti
7101561;24-08-2016 10:36:45;42,7198;13,2137;15,1;SURVEY-INGV;;;;ML;2,2;--;Rieti
7101721;24-08-2016 10:41:17;42,7523;13,1072;7,1;SURVEY-INGV;;;;ML;2,1;--;Perugia
7101811;24-08-2016 10:42:42;42,8175;13,1602;9,9;SURVEY-INGV;;;;ML;2,1;--;Perugia
7101861;24-08-2016 10:44:48;42,7423;13,2328;15,9;SURVEY-INGV;;;;ML;2,7;--;Rieti
7102181;24-08-2016 10:52:34;42,8225;13,2377;7,1;SURVEY-INGV;;;;ML;2,8;--;Ascoli Piceno
7102361;24-08-2016 10:57:17;42,6238;13,2363;11,1;SURVEY-INGV;;;;ML;2,3;--;Rieti
7102751;24-08-2016 11:05:43;42,6432;13,2282;2,4;SURVEY-INGV;;;;ML;2,8;--;Rieti
7102831;24-08-2016 11:06:48;42,8067;13,1563;10,4;SURVEY-INGV;;;;ML;2,3;--;Perugia
7103001;24-08-2016 11:09:52;42,8257;13,2152;9,3;SURVEY-INGV;;;;ML;2,1;--;Ascoli Piceno
7103151;24-08-2016 11:12:58;42,7135;13,1822;15,6;SURVEY-INGV;;;;ML;2;--;Rieti
7103531;24-08-2016 11:20:32;42,7632;13,2063;16,6;SURVEY-INGV;;;;ML;2;--;Ascoli Piceno
7103731;24-08-2016 11:23:58;42,7652;13,1663;10,2;SURVEY-INGV;;;;ML;2,7;--;Perugia
7103751;24-08-2016 11:24:51;42,6443;13,2522;11,8;SURVEY-INGV;;;;ML;2,3;--;Rieti
7103941;24-08-2016 11:28:53;42,7477;13,2557;10,9;SURVEY-INGV;;;;ML;2,5;--;Ascoli Piceno
7104061;24-08-2016 11:31:53;42,7458;13,1927;10,9;SURVEY-INGV;;;;ML;3,1;--;Rieti
7104161;24-08-2016 11:34:21;42,7387;13,1668;11;SURVEY-INGV;;;;ML;2,3;--;Rieti
7104251;24-08-2016 11:36:27;42,8203;13,1613;9,8;SURVEY-INGV;;;;ML;2,7;--;Perugia
7104381;24-08-2016 11:37:40;42,8063;13,2233;9,1;SURVEY-INGV;;;;ML;2,7;--;Ascoli Piceno
7104521;24-08-2016 11:40:16;42,7358;13,1957;10,4;SURVEY-INGV;;;;ML;2,9;--;Rieti
7105011;24-08-2016 11:50:30;42,8188;13,1463;8,4;SURVEY-INGV;;;;Mw;4,5;--;Perugia
7105421;24-08-2016 12:00:00;42,8313;13,1403;9;SURVEY-INGV;;;;ML;3,5;--;Perugia
7105521;24-08-2016 12:01:48;42,8243;13,1705;8,8;SURVEY-INGV;;;;ML;3;--;Perugia
7105741;24-08-2016 12:06:09;42,8327;13,1438;10;SURVEY-INGV;;;;ML;3,6;--;Perugia
7106221;24-08-2016 12:13:27;42,8282;13,1538;9,7;SURVEY-INGV;;;;ML;2,9;--;Perugia
7106501;24-08-2016 12:18:27;42,8207;13,1248;7,8;SURVEY-INGV;;;;ML;3,4;--;Perugia
7106801;24-08-2016 12:22:53;42,8053;13,2087;9,1;SURVEY-INGV;;;;ML;2,4;--;Ascoli Piceno
7108021;24-08-2016 12:42:10;42,8352;13,2543;7;SURVEY-INGV;;;;ML;2,7;--;Ascoli Piceno
7108111;24-08-2016 12:43:42;42,8363;13,2518;8,6;SURVEY-INGV;;;;ML;2,3;--;Ascoli Piceno
7109221;24-08-2016 13:00:27;42,8213;13,1547;9,7;SURVEY-INGV;;;;ML;2,8;--;Perugia
7109491;24-08-2016 13:05:11;42,748;13,2242;8,8;SURVEY-INGV;;;;ML;2,3;--;Rieti
7109801;24-08-2016 13:12:09;42,8047;13,2592;7,8;SURVEY-INGV;;;;ML;2,9;--;Ascoli Piceno
7110281;24-08-2016 13:20:04;42,8192;13,2235;7,8;SURVEY-INGV;;;;ML;2,8;--;Ascoli Piceno
7110511;24-08-2016 13:23:51;42,8095;13,243;7,3;SURVEY-INGV;;;;ML;2,6;--;Ascoli Piceno
7110601;24-08-2016 13:25:33;42,835;13,1613;9,8;SURVEY-INGV;;;;ML;2,3;--;Macerata
7110971;24-08-2016 13:31:53;42,7867;13,2115;6,8;SURVEY-INGV;;;;ML;2,3;--;Ascoli Piceno
7111051;24-08-2016 13:33:14;42,6888;13,3113;5,5;SURVEY-INGV;;;;ML;3,1;--;Rieti
7111251;24-08-2016 13:38:28;42,7858;13,1497;9,7;SURVEY-INGV;;;;ML;2,2;--;Perugia
7111851;24-08-2016 13:49:41;42,6115;13,3178;10,1;SURVEY-INGV;;;;ML;2,6;--;Rieti
7112061;24-08-2016 13:55:02;42,6073;13,2627;11,1;SURVEY-INGV;;;;ML;2,5;--;Rieti
7112101;24-08-2016 13:55:41;42,7845;13,1757;7,3;SURVEY-INGV;;;;ML;2,7;--;Perugia
7112131;24-08-2016 13:57:09;42,7723;13,1872;9,5;SURVEY-INGV;;;;ML;2,5;--;Perugia
7112201;24-08-2016 13:59:29;42,6603;13,2013;10,4;SURVEY-INGV;;;;ML;2,3;--;Rieti
7112411;24-08-2016 14:02:21;42,7992;13,253;8,3;SURVEY-INGV;;;;ML;3,9;--;Ascoli Piceno
7112451;24-08-2016 14:03:30;42,801;13,179;10;SURVEY-INGV;;;;ML;3,2;--;Perugia
7113601;24-08-2016 14:26:00;42,7998;13,1488;9,8;SURVEY-INGV;;;;ML;2,5;--;Perugia
7113821;24-08-2016 14:28:46;42,8093;13,1982;9,6;SURVEY-INGV;;;;ML;2,7;--;Perugia
7114221;24-08-2016 14:39:45;42,8048;13,2123;9,1;SURVEY-INGV;;;;ML;2,6;--;Ascoli Piceno
7114451;24-08-2016 14:45:10;42,7288;13,1973;8,5;SURVEY-INGV;;;;ML;3,2;--;Rieti
7114671;24-08-2016 14:52:11;42,793;13,175;8,8;SURVEY-INGV;;;;ML;2,1;--;Perugia
7115101;24-08-2016 15:02:21;42,6313;13,3142;9,8;SURVEY-INGV;;;;ML;2,7;--;Rieti
7115421;24-08-2016 15:08:23;42,6887;13,2167;11;SURVEY-INGV;;;;ML;2,3;--;Rieti
7115441;24-08-2016 15:09:07;42,8067;13,1937;8,3;SURVEY-INGV;;;;ML;2,2;--;Perugia
7115831;24-08-2016 15:20:26;42,6477;13,2182;12;SURVEY-INGV;;;;ML;2,1;--;Rieti
7116751;24-08-2016 15:39:28;42,7973;13,2405;8,9;SURVEY-INGV;;;;ML;3,1;--;Ascoli Piceno
7118871;24-08-2016 16:34:47;42,7352;13,2375;9,4;SURVEY-INGV;;;;ML;3,1;--;Rieti
7118991;24-08-2016 16:37:11;42,765;13,1537;9,1;SURVEY-INGV;;;;ML;2,5;--;Perugia
7119141;24-08-2016 16:39:53;42,7247;13,2032;8,6;SURVEY-INGV;;;;ML;2,7;--;Rieti
7119721;24-08-2016 16:54:30;42,6207;13,2848;7,1;SURVEY-INGV;;;;ML;2,6;--;Rieti
7119851;24-08-2016 16:57:22;42,665;13,3062;7,3;SURVEY-INGV;;;;ML;2,6;--;Rieti
7120271;24-08-2016 17:04:00;42,6152;13,32;5,9;SURVEY-INGV;;;;ML;2;--;Rieti
7120911;24-08-2016 17:16:43;42,6208;13,2512;11,4;SURVEY-INGV;;;;ML;2,5;--;Rieti
7121541;24-08-2016 17:27:01;42,8183;13,228;9,1;SURVEY-INGV;;;;ML;2,2;--;Ascoli Piceno
7121711;24-08-2016 17:29:53;42,6055;13,2763;10,4;SURVEY-INGV;;;;ML;2,9;--;Rieti
7122171;24-08-2016 17:37:08;42,803;13,1897;6,1;SURVEY-INGV;;;;ML;2,7;--;Perugia
7122211;24-08-2016 17:38:00;42,8012;13,2493;7,5;SURVEY-INGV;;;;ML;3;--;Ascoli Piceno
7122651;24-08-2016 17:46:09;42,6628;13,2222;10;SURVEY-INGV;;;;Mw;4,2;--;Rieti
7122781;24-08-2016 17:49:57;42,7593;13,2487;7,8;SURVEY-INGV;;;;ML;2,5;--;Ascoli Piceno
7122861;24-08-2016 17:50:55;42,7388;13,1952;9,9;SURVEY-INGV;;;;ML;2,4;--;Rieti
7123031;24-08-2016 17:54:34;42,6182;13,2412;11,2;SURVEY-INGV;;;;ML;2,7;--;Rieti
7123081;24-08-2016 17:55:23;42,8043;13,2458;8,7;SURVEY-INGV;;;;ML;2,9;--;Ascoli Piceno
7123141;24-08-2016 17:56:16;42,7968;13,2312;9,3;SURVEY-INGV;;;;ML;2,9;--;Ascoli Piceno
7123811;24-08-2016 18:06:45;42,816;13,1483;10,5;SURVEY-INGV;;;;ML;2,2;--;Perugia
7123861;24-08-2016 18:08:04;42,845;13,1123;8,4;SURVEY-INGV;;;;ML;2,7;--;Perugia
7124161;24-08-2016 18:12:20;42,6875;13,1873;9,5;SURVEY-INGV;;;;ML;2,1;--;Rieti
7124501;24-08-2016 18:18:52;42,7437;13,2648;9,6;SURVEY-INGV;;;;ML;2,1;--;Ascoli Piceno
7125371;24-08-2016 18:36:07;42,6887;13,166;10,2;SURVEY-INGV;;;;ML;3,1;--;Rieti
7125541;24-08-2016 18:37:53;42,6517;13,2262;10,5;SURVEY-INGV;;;;ML;2,7;--;Rieti
7125641;24-08-2016 18:39:31;42,7035;13,1647;10,3;SURVEY-INGV;;;;ML;2,1;--;Rieti
7125861;24-08-2016 18:42:30;42,7757;13,1663;10;SURVEY-INGV;;;;ML;3,1;--;Perugia
7125931;24-08-2016 18:43:51;42,7712;13,1808;9,5;SURVEY-INGV;;;;ML;2,5;--;Perugia
7126481;24-08-2016 18:53:58;42,8002;13,2622;8,5;SURVEY-INGV;;;;ML;2,3;--;Ascoli Piceno
7126611;24-08-2016 18:58:42;42,7898;13,1903;8,9;SURVEY-INGV;;;;ML;2,8;--;Perugia
7126811;24-08-2016 19:00:50;42,7407;13,2562;9,9;SURVEY-INGV;;;;ML;2;--;Ascoli Piceno
7127341;24-08-2016 19:10:19;42,6502;13,2383;10,6;SURVEY-INGV;;;;ML;2,8;--;Rieti
7127991;24-08-2016 19:22:49;42,646;13,2422;12,2;SURVEY-INGV;;;;ML;2,5;--;Rieti
7128141;24-08-2016 19:26:03;42,8012;13,2107;8,8;SURVEY-INGV;;;;ML;2,8;--;Ascoli Piceno
7128361;24-08-2016 19:30:01;42,605;13,2357;12,4;SURVEY-INGV;;;;ML;2;--;Rieti
7128441;24-08-2016 19:31:01;42,6257;13,309;9;SURVEY-INGV;;;;ML;2;--;Rieti
7128471;24-08-2016 19:32:06;42,8255;13,1512;9,9;SURVEY-INGV;;;;ML;2;--;Perugia
7128931;24-08-2016 19:38:00;42,7897;13,2163;7,8;SURVEY-INGV;;;;ML;2,7;--;Ascoli Piceno
7129281;24-08-2016 19:44:00;42,7968;13,2402;6,3;SURVEY-INGV;;;;ML;2,3;--;Ascoli Piceno
7130081;24-08-2016 19:56:21;42,749;13,1752;10,3;SURVEY-INGV;;;;ML;2,4;--;Perugia
7130451;24-08-2016 20:02:58;42,6858;13,2227;10;SURVEY-INGV;;;;ML;2,3;--;Rieti
7130631;24-08-2016 20:06:12;42,7273;13,2193;10;SURVEY-INGV;;;;ML;2,1;--;Rieti
7130801;24-08-2016 20:08:36;42,6512;13,3003;7,8;SURVEY-INGV;;;;ML;2,4;--;Rieti
7131141;24-08-2016 20:14:30;42,7757;13,1608;8,2;SURVEY-INGV;;;;ML;2,7;--;Perugia
7131261;24-08-2016 20:16:29;42,785;13,2188;10,3;SURVEY-INGV;;;;ML;2,7;--;Ascoli Piceno
7131361;24-08-2016 20:17:40;42,6277;13,2982;7,9;SURVEY-INGV;;;;ML;2;--;Rieti
7131471;24-08-2016 20:19:47;42,8132;13,1895;8,2;SURVEY-INGV;;;;ML;2,1;--;Perugia
7131591;24-08-2016 20:21:36;42,7815;13,1542;8,3;SURVEY-INGV;;;;ML;3,6;--;Perugia
7131711;24-08-2016 20:23:45;42,7753;13,2518;7,6;SURVEY-INGV;;;;ML;2,5;--;Ascoli Piceno
7133411;24-08-2016 20:56:23;42,6537;13,2163;11,3;SURVEY-INGV;;;;ML;2,2;--;Rieti
7133971;24-08-2016 21:05:52;42,7778;13,1855;9,3;SURVEY-INGV;;;;ML;2,8;--;Perugia
7134321;24-08-2016 21:12:27;42,7542;13,1867;9,9;SURVEY-INGV;;;;ML;2,4;--;Rieti
7134401;24-08-2016 21:13:21;42,6163;13,2908;9,9;SURVEY-INGV;;;;ML;2,2;--;Rieti
7134461;24-08-2016 21:15:38;42,7888;13,1532;11,4;SURVEY-INGV;;;;ML;2,3;--;Perugia
7135221;24-08-2016 21:27:48;42,7587;13,1047;8,4;SURVEY-INGV;;;;ML;2,9;--;Perugia
7135351;24-08-2016 21:29:46;42,6485;13,2955;5,6;SURVEY-INGV;;;;ML;2,4;--;Rieti
7135651;24-08-2016 21:35:25;42,7577;13,0885;10,7;SURVEY-INGV;;;;ML;2;--;Perugia
7135901;24-08-2016 21:39:06;42,6725;13,1917;9,6;SURVEY-INGV;;;;ML;2;--;Rieti
7135931;24-08-2016 21:39:30;42,6053;13,2318;18;SURVEY-INGV;;;;ML;2,2;--;Rieti
7136201;24-08-2016 21:45:45;42,8038;13,1722;10,1;SURVEY-INGV;;;;ML;3,1;--;Perugia
7136751;24-08-2016 21:55:11;42,6597;13,2137;10,7;SURVEY-INGV;;;;ML;2,3;--;Rieti
7136991;24-08-2016 22:00:37;42,8057;13,1877;9,3;SURVEY-INGV;;;;ML;2,1;--;Perugia
7137071;24-08-2016 22:02:02;42,6415;13,3043;11,1;SURVEY-INGV;;;;ML;2,1;--;Rieti
7137121;24-08-2016 22:02:03;42,6643;13,2998;0,7;SURVEY-INGV;;;;ML;2,2;--;Rieti
7137581;24-08-2016 22:10:52;42,816;13,1622;9,5;SURVEY-INGV;;;;ML;2,3;--;Perugia
7137491;24-08-2016 22:10:52;42,8368;13,1493;8,6;SURVEY-INGV;;;;ML;2;--;Macerata
7138001;24-08-2016 22:15:47;42,6588;13,2812;10,7;SURVEY-INGV;;;;ML;2,1;--;Rieti
7138351;24-08-2016 22:20:24;42,7923;13,2028;9,6;SURVEY-INGV;;;;ML;2,5;--;Ascoli Piceno
7138421;24-08-2016 22:22:06;42,7935;13,1687;10,2;SURVEY-INGV;;;;ML;2,1;--;Perugia
7138501;24-08-2016 22:23:12;42,7422;13,178;10,8;SURVEY-INGV;;;;ML;2,2;--;Rieti
7139021;24-08-2016 22:35:34;42,7807;13,1297;10,6;SURVEY-INGV;;;;ML;2;--;Perugia
7140281;24-08-2016 22:56:10;42,7027;13,2243;10,7;SURVEY-INGV;;;;ML;2,2;--;Rieti
7140401;24-08-2016 22:57:20;42,7288;13,2393;10,8;SURVEY-INGV;;;;ML;2,7;--;Rieti
7140721;24-08-2016 23:03:03;42,7405;13,2337;8,9;SURVEY-INGV;;;;ML;2,3;--;Rieti
7140771;24-08-2016 23:03:51;42,813;13,1973;9,2;SURVEY-INGV;;;;ML;2;--;Perugia
7140821;24-08-2016 23:04:58;42,7533;13,2353;7,5;SURVEY-INGV;;;;ML;2,1;--;Ascoli Piceno
7140931;24-08-2016 23:06:17;42,7325;13,2442;10,4;SURVEY-INGV;;;;ML;2,4;--;Rieti
7141031;24-08-2016 23:07:57;42,8;13,2522;8,4;SURVEY-INGV;;;;ML;2;--;Ascoli Piceno
7141891;24-08-2016 23:22:06;42,6478;13,2127;11,2;SURVEY-INGV;;;;ML;3,8;--;Rieti
7141941;24-08-2016 23:24:56;42,7505;13,2323;9,4;SURVEY-INGV;;;;ML;3,4;--;Ascoli Piceno
7142051;24-08-2016 23:28:23;42,6017;13,231;15,9;SURVEY-INGV;;;;ML;2,5;--;Rieti
7142221;24-08-2016 23:30:05;42,6503;13,2212;10,4;SURVEY-INGV;;;;ML;2,5;--;Rieti
7142341;24-08-2016 23:32:11;42,6377;13,2242;10,1;SURVEY-INGV;;;;ML;2,8;--;Rieti
7142321;24-08-2016 23:32:11;42,6577;13,2478;4,9;SURVEY-INGV;;;;ML;2,9;--;Rieti
7142291;24-08-2016 23:32:10;42,6638;13,226;5,8;SURVEY-INGV;;;;ML;2,9;--;Rieti
7142651;24-08-2016 23:36:57;42,563;13,2658;13,5;SURVEY-INGV;;;;ML;2,2;--;L'Aquila
7143871;24-08-2016 23:59:37;42,8287;13,2512;7,9;SURVEY-INGV;;;;ML;2,7;--;Ascoli Piceno
7144141;25-08-2016 00:05:53;42,8458;13,2387;8,9;SURVEY-INGV;;;;ML;2;--;Ascoli Piceno
7144221;25-08-2016 00:07:25;42,6933;13,2727;10,6;SURVEY-INGV;;;;ML;2,1;--;Rieti
7144351;25-08-2016 00:09:51;42,7628;13,1497;10,7;SURVEY-INGV;;;;ML;2,1;--;Perugia
7144441;25-08-2016 00:11:21;42,4902;13,2318;10,4;SURVEY-INGV;;;;ML;2,3;--;L'Aquila
7144491;25-08-2016 00:12:35;42,6063;13,3035;11,1;SURVEY-INGV;;;;ML;2,9;--;Rieti
7144701;25-08-2016 00:16:15;42,7538;13,1092;7,6;SURVEY-INGV;;;;ML;2,5;--;Perugia
7144761;25-08-2016 00:17:03;42,6202;13,2968;7,8;SURVEY-INGV;;;;ML;2,6;--;Rieti
7144901;25-08-2016 00:19:15;42,7208;13,2077;10,4;SURVEY-INGV;;;;ML;2,1;--;Rieti
7144931;25-08-2016 00:19:38;42,8473;13,2627;9,7;SURVEY-INGV;;;;ML;2,4;--;Ascoli Piceno
7145761;25-08-2016 00:32:39;42,6413;13,2127;10,1;SURVEY-INGV;;;;ML;2,7;--;Rieti
7145881;25-08-2016 00:34:36;42,5353;13,2313;9,4;SURVEY-INGV;;;;ML;2,1;--;L'Aquila
7145901;25-08-2016 00:35:24;42,661;13,2563;8,3;SURVEY-INGV;;;;ML;2,4;--;Rieti
7146011;25-08-2016 00:37:20;42,6187;13,2667;10,6;SURVEY-INGV;;;;ML;2,1;--;Rieti
7146351;25-08-2016 00:42:45;42,7668;13,191;11,2;SURVEY-INGV;;;;ML;2,4;--;Perugia
7146431;25-08-2016 00:44:39;42,8077;13,2048;9,3;SURVEY-INGV;;;;ML;2;--;Ascoli Piceno
7146681;25-08-2016 00:48:28;42,9918;13,2743;29;SURVEY-INGV;;;;ML;2,3;--;Macerata
7146791;25-08-2016 00:50:14;42,7545;13,1942;9,6;SURVEY-INGV;;;;ML;2;--;Rieti
7147161;25-08-2016 00:55:58;42,5995;13,2158;15,9;SURVEY-INGV;;;;ML;2;--;Rieti
7147231;25-08-2016 00:57:52;42,7505;13,1995;9,6;SURVEY-INGV;;;;ML;2,5;--;Rieti
7147321;25-08-2016 00:58:45;42,8068;13,1557;9,1;SURVEY-INGV;;;;ML;2,2;--;Perugia
7147641;25-08-2016 01:05:31;42,6298;13,2463;15,2;SURVEY-INGV;;;;ML;2;--;Rieti
7148091;25-08-2016 01:14:06;42,7407;13,1847;9,9;SURVEY-INGV;;;;ML;2;--;Rieti
7148051;25-08-2016 01:14:06;42,7437;13,1828;10,3;SURVEY-INGV;;;;ML;2;--;Rieti
7148431;25-08-2016 01:21:25;42,8063;13,1493;8,8;SURVEY-INGV;;;;ML;2,7;--;Perugia
7148491;25-08-2016 01:21:25;42,8085;13,1547;9,6;SURVEY-INGV;;;;ML;2,7;--;Perugia
7148551;25-08-2016 01:23:10;42,7962;13,1515;8,6;SURVEY-INGV;;;;ML;2,2;--;Perugia
7148621;25-08-2016 01:23:10;42,8053;13,1393;9,4;SURVEY-INGV;;;;ML;2;--;Perugia
7148651;25-08-2016 01:23:41;42,7963;13,217;9;SURVEY-INGV;;;;ML;2,2;--;Ascoli Piceno
7148991;25-08-2016 01:28:47;42,7577;13,1872;9,7;SURVEY-INGV;;;;ML;2,3;--;Rieti
7149051;25-08-2016 01:29:40;42,7533;13,1917;9,3;SURVEY-INGV;;;;ML;2,1;--;Rieti
7149371;25-08-2016 01:35:49;42,7512;13,2057;9,9;SURVEY-INGV;;;;ML;2,1;--;Rieti
7149661;25-08-2016 01:41:30;42,6517;13,2992;7,1;SURVEY-INGV;;;;ML;2;--;Rieti
7149751;25-08-2016 01:42:25;42,7078;13,2368;9,3;SURVEY-INGV;;;;ML;2;--;Rieti
7150221;25-08-2016 01:51:58;42,962;13,1595;9,3;SURVEY-INGV;;;;ML;2,7;--;Macerata
7150261;25-08-2016 01:52:16;42,8392;13,2097;8,5;SURVEY-INGV;;;;ML;2,7;--;Macerata
7150751;25-08-2016 02:03:26;42,8068;13,195;9,9;SURVEY-INGV;;;;ML;2;--;Perugia
7150791;25-08-2016 02:03:56;42,7292;13,2053;9,1;SURVEY-INGV;;;;ML;2;--;Rieti
7150991;25-08-2016 02:07:13;42,82;13,2247;9,7;SURVEY-INGV;;;;ML;2,1;--;Ascoli Piceno
7151051;25-08-2016 02:08:02;42,6412;13,3382;4;SURVEY-INGV;;;;ML;2;--;Rieti
7151081;25-08-2016 02:09:53;42,6113;13,3078;10;SURVEY-INGV;;;;ML;2,1;--;Rieti
7152171;25-08-2016 02:29:13;42,7632;13,116;8,3;SURVEY-INGV;;;;ML;2,7;--;Perugia
7152411;25-08-2016 02:36:28;42,6422;13,3068;9,6;SURVEY-INGV;;;;ML;2,5;--;Rieti
7153581;25-08-2016 02:57:41;42,8007;13,1428;10,6;SURVEY-INGV;;;;ML;2,1;--;Perugia
7154291;25-08-2016 03:10:58;42,8312;13,1538;9,7;SURVEY-INGV;;;;ML;2,6;--;Perugia
7154571;25-08-2016 03:15:04;42,8112;13,154;9,3;SURVEY-INGV;;;;ML;2,4;--;Perugia
7154631;25-08-2016 03:17:17;42,7527;13,2082;9,5;SURVEY-INGV;;;;Mw;4,3;--;Rieti
7154781;25-08-2016 03:21:19;42,7545;13,1998;9,9;SURVEY-INGV;;;;ML;2,3;--;Rieti
7154851;25-08-2016 03:22:04;42,7628;13,2047;9,8;SURVEY-INGV;;;;ML;2,2;--;Ascoli Piceno
7155041;25-08-2016 03:26:53;42,8415;13,255;8,6;SURVEY-INGV;;;;ML;2,1;--;Ascoli Piceno
7155111;25-08-2016 03:28:30;42,7372;13,2188;10,2;SURVEY-INGV;;;;ML;2,2;--;Rieti
7155201;25-08-2016 03:30:32;42,8625;13,0177;10,6;SURVEY-INGV;;;;ML;2,6;--;Perugia
7155281;25-08-2016 03:31:12;42,7913;13,1517;9,4;SURVEY-INGV;;;;ML;2,2;--;Perugia
7155411;25-08-2016 03:34:20;42,7563;13,1747;10,5;SURVEY-INGV;;;;ML;2;--;Perugia
7155461;25-08-2016 03:34:53;42,7677;13,1682;10,4;SURVEY-INGV;;;;ML;2,2;--;Perugia
7155571;25-08-2016 03:37:08;42,7918;13,2328;9,2;SURVEY-INGV;;;;ML;2,3;--;Ascoli Piceno
7155601;25-08-2016 03:38:03;42,7648;13,1838;10,2;SURVEY-INGV;;;;ML;2,3;--;Perugia
7155721;25-08-2016 03:40:08;42,7568;13,1955;9,5;SURVEY-INGV;;;;ML;2,1;--;Rieti
7156231;25-08-2016 03:48:31;42,7105;13,2268;9;SURVEY-INGV;;;;ML;2,1;--;Rieti
7156271;25-08-2016 03:49:17;42,7357;13,1973;10,1;SURVEY-INGV;;;;ML;2,1;--;Rieti
7156301;25-08-2016 03:50:18;42,753;13,1983;8,9;SURVEY-INGV;;;;ML;2,1;--;Rieti
7156421;25-08-2016 03:51:33;42,8257;13,2453;9,3;SURVEY-INGV;;;;ML;2;--;Ascoli Piceno
7156641;25-08-2016 03:55:39;42,7525;13,1817;10,2;SURVEY-INGV;;;;ML;2,1;--;Rieti
7157001;25-08-2016 04:01:54;42,7608;13,2025;9,8;SURVEY-INGV;;;;ML;2;--;Ascoli Piceno
7157111;25-08-2016 04:03:02;42,7332;13,1993;9,7;SURVEY-INGV;;;;ML;2,3;--;Rieti
7157151;25-08-2016 04:03:30;42,5778;13,2388;10,6;SURVEY-INGV;;;;ML;2,2;--;L'Aquila
7157591;25-08-2016 04:12:12;42,6913;13,2343;10,2;SURVEY-INGV;;;;ML;3,3;--;Rieti
7157701;25-08-2016 04:13:27;42,6148;13,2938;6,8;SURVEY-INGV;;;;ML;2,9;--;Rieti
7157901;25-08-2016 04:16:32;42,6832;13,2578;10,9;SURVEY-INGV;;;;ML;2;--;Rieti
7158201;25-08-2016 04:22:03;42,7638;13,2268;10,3;SURVEY-INGV;;;;ML;2,2;--;Ascoli Piceno
7159231;25-08-2016 04:38:44;42,7412;13,2033;10,2;SURVEY-INGV;;;;ML;2;--;Rieti
7159331;25-08-2016 04:41:35;42,8452;13,221;8,6;SURVEY-INGV;;;;ML;2,4;--;Macerata
7159581;25-08-2016 04:46:21;42,7953;13,2033;9;SURVEY-INGV;;;;ML;2,6;--;Ascoli Piceno
7159631;25-08-2016 04:47:10;42,7603;13,2062;9,5;SURVEY-INGV;;;;ML;2,5;--;Ascoli Piceno
7159911;25-08-2016 04:51:40;42,6183;13,3343;13,3;SURVEY-INGV;;;;ML;3,9;--;Rieti
7159971;25-08-2016 04:53:22;42,812;13,2123;8,4;SURVEY-INGV;;;;ML;2,8;--;Ascoli Piceno
7160151;25-08-2016 04:56:58;42,7845;13,1753;6,3;SURVEY-INGV;;;;ML;2,9;--;Perugia
7160131;25-08-2016 04:56:57;42,7905;13,2153;7,9;SURVEY-INGV;;;;ML;2,9;--;Ascoli Piceno
7162471;25-08-2016 05:47:47;42,7892;13,2075;9,4;SURVEY-INGV;;;;ML;2,1;--;Ascoli Piceno
7162401;25-08-2016 05:47:47;42,7917;13,216;9,5;SURVEY-INGV;;;;ML;2,4;--;Ascoli Piceno
7162941;25-08-2016 05:56:15;42,6277;13,2372;10,9;SURVEY-INGV;;;;ML;2,3;--;Rieti
7163031;25-08-2016 05:58:16;42,6197;13,2258;10,4;SURVEY-INGV;;;;ML;2,2;--;Rieti
7164071;25-08-2016 06:19:20;42,8027;13,1437;10,3;SURVEY-INGV;;;;ML;2,1;--;Perugia
7164561;25-08-2016 06:32:24;42,6158;13,2768;11,5;SURVEY-INGV;;;;ML;2,6;--;Rieti
7164841;25-08-2016 06:38:17;42,7453;13,2217;9;SURVEY-INGV;;;;ML;2,1;--;Rieti
7165441;25-08-2016 06:51:48;42,6218;13,2183;9,9;SURVEY-INGV;;;;ML;2,7;--;Rieti
7165691;25-08-2016 06:55:24;42,7592;13,2278;9,9;SURVEY-INGV;;;;ML;2,3;--;Ascoli Piceno
7166001;25-08-2016 07:00:55;42,6188;13,3012;8,3;SURVEY-INGV;;;;ML;2,2;--;Rieti
7166131;25-08-2016 07:03:17;42,8742;13,2278;8,1;SURVEY-INGV;;;;ML;2,7;--;Macerata
7166321;25-08-2016 07:06:47;42,6213;13,2533;10,3;SURVEY-INGV;;;;ML;2,2;--;Rieti
7166381;25-08-2016 07:08:04;42,7488;13,2178;9,9;SURVEY-INGV;;;;ML;2,6;--;Rieti
7167061;25-08-2016 07:23:19;42,6227;13,3152;12,3;SURVEY-INGV;;;;ML;2,5;--;Rieti
7167311;25-08-2016 07:27:54;42,7557;13,196;10,7;SURVEY-INGV;;;;ML;2,5;--;Rieti
7167781;25-08-2016 07:39:17;42,782;13,2098;10,5;SURVEY-INGV;;;;ML;2,2;--;Ascoli Piceno
7168031;25-08-2016 07:46:00;42,6192;13,2292;11,4;SURVEY-INGV;;;;ML;2,3;--;Rieti
7169611;25-08-2016 08:21:32;42,6532;13,2873;6,7;SURVEY-INGV;;;;ML;2,7;--;Rieti
7169661;25-08-2016 08:21:52;42,8352;13,2547;8,4;SURVEY-INGV;;;;ML;2,8;--;Ascoli Piceno
7169751;25-08-2016 08:23:56;42,7388;13,2305;10,2;SURVEY-INGV;;;;ML;2,3;--;Rieti
7169981;25-08-2016 08:27:06;42,7393;13,2198;10,4;SURVEY-INGV;;;;ML;2,6;--;Rieti
7170391;25-08-2016 08:34:04;42,8068;13,226;7,4;SURVEY-INGV;;;;ML;2;--;Ascoli Piceno
7170461;25-08-2016 08:35:14;42,6192;13,2902;7,8;SURVEY-INGV;;;;ML;2;--;Rieti
7170561;25-08-2016 08:38:31;42,7458;13,2307;10,3;SURVEY-INGV;;;;ML;2,1;--;Rieti
7171491;25-08-2016 08:59:37;42,6137;13,3032;6,9;SURVEY-INGV;;;;ML;3,2;--;Rieti
7171571;25-08-2016 09:00:37;42,6612;13,2633;14,5;SURVEY-INGV;;;;ML;2,3;--;Rieti
7171831;25-08-2016 09:08:16;42,6938;13,3038;10,1;SURVEY-INGV;;;;ML;2;--;Rieti
7172851;25-08-2016 09:30:29;42,6125;13,2362;10,8;SURVEY-INGV;;;;ML;2,5;--;Rieti
7172911;25-08-2016 09:32:34;42,7757;13,108;6,7;SURVEY-INGV;;;;ML;2,2;--;Perugia
7173631;25-08-2016 09:45:44;42,7982;13,1757;9,8;SURVEY-INGV;;;;ML;2;--;Perugia
7174641;25-08-2016 10:07:59;42,6982;13,2355;10,6;SURVEY-INGV;;;;ML;2,1;--;Rieti
7175671;25-08-2016 10:26:53;42,6528;13,2943;7,8;SURVEY-INGV;;;;ML;2,3;--;Rieti
7176531;25-08-2016 10:41:43;42,7613;13,2593;8,5;SURVEY-INGV;;;;ML;2,3;--;Ascoli Piceno
7176751;25-08-2016 10:46:00;42,7405;13,1342;9,7;SURVEY-INGV;;;;ML;2,5;--;Perugia
7176851;25-08-2016 10:48:49;42,6657;13,2622;9,9;SURVEY-INGV;;;;ML;2,3;--;Rieti
7177031;25-08-2016 10:50:54;42,6117;13,2618;11,5;SURVEY-INGV;;;;ML;2,4;--;Rieti
7177201;25-08-2016 10:54:14;42,6072;13,3067;8,2;SURVEY-INGV;;;;ML;2,5;--;Rieti
7177261;25-08-2016 10:55:18;42,7575;13,2023;9,9;SURVEY-INGV;;;;ML;2,5;--;Ascoli Piceno
7177581;25-08-2016 11:01:30;42,6348;13,2092;13,7;SURVEY-INGV;;;;ML;2,2;--;Rieti
7177681;25-08-2016 11:03:34;42,6397;13,2217;10,9;SURVEY-INGV;;;;ML;2,1;--;Rieti
7178581;25-08-2016 11:19:40;42,8072;13,1563;10,1;SURVEY-INGV;;;;ML;2,1;--;Perugia
7178661;25-08-2016 11:22:00;42,8123;13,1763;10,3;SURVEY-INGV;;;;ML;2,8;--;Perugia
7178751;25-08-2016 11:22:00;42,8148;13,1697;9,4;SURVEY-INGV;;;;ML;2,9;--;Perugia
7179031;25-08-2016 11:28:42;42,8022;13,2648;10,7;SURVEY-INGV;;;;ML;2,2;--;Ascoli Piceno
7179381;25-08-2016 11:36:48;42,5837;13,2723;10,8;SURVEY-INGV;;;;ML;2;--;Rieti
7179451;25-08-2016 11:38:36;42,6167;13,305;9;SURVEY-INGV;;;;ML;2,3;--;Rieti
7179951;25-08-2016 11:45:51;42,7917;13,2352;7,1;SURVEY-INGV;;;;ML;2,1;--;Ascoli Piceno
7180401;25-08-2016 11:53:11;42,6378;13,2173;13,7;SURVEY-INGV;;;;ML;2,4;--;Rieti
7181311;25-08-2016 12:12:02;42,7522;13,2088;9,8;SURVEY-INGV;;;;ML;2,1;--;Rieti
7181501;25-08-2016 12:16:53;42,8368;13,2242;9,2;SURVEY-INGV;;;;ML;2,1;--;Macerata
7181621;25-08-2016 12:18:12;42,6997;13,2462;10,8;SURVEY-INGV;;;;ML;2,1;--;Rieti
7181831;25-08-2016 12:21:58;42,6132;13,2522;10,7;SURVEY-INGV;;;;ML;3,2;--;Rieti
7181731;25-08-2016 12:21:58;42,6147;13,2597;14,6;SURVEY-INGV;;;;ML;3;--;Rieti
7182461;25-08-2016 12:36:05;42,5957;13,2902;10;SURVEY-INGV;;;;Mw;4,4;--;Rieti
7182631;25-08-2016 12:39:20;42,7693;13,1258;10,7;SURVEY-INGV;;;;ML;2,7;--;Perugia
7182831;25-08-2016 12:42:00;42,7342;13,1623;8,7;SURVEY-INGV;;;;ML;2,2;--;Rieti
7182861;25-08-2016 12:43:00;42,6852;13,2048;10,8;SURVEY-INGV;;;;ML;2;--;Rieti
7183101;25-08-2016 12:47:56;42,623;13,2915;7,2;SURVEY-INGV;;;;ML;2,8;--;Rieti
7183251;25-08-2016 12:50:20;42,7288;13,1748;10,1;SURVEY-INGV;;;;ML;2,3;--;Rieti
7183331;25-08-2016 12:51:25;42,6227;13,3027;7,5;SURVEY-INGV;;;;ML;2;--;Rieti
7183551;25-08-2016 12:55:01;42,8622;13,2407;8,1;SURVEY-INGV;;;;ML;2;--;Ascoli Piceno
7183621;25-08-2016 12:55:31;42,7988;13,2425;9,1;SURVEY-INGV;;;;ML;2,2;--;Ascoli Piceno
7184381;25-08-2016 13:09:54;42,621;13,2883;8,2;SURVEY-INGV;;;;ML;2,7;--;Rieti
7184551;25-08-2016 13:12:33;42,7682;13,246;8,9;SURVEY-INGV;;;;ML;2;--;Ascoli Piceno
7184581;25-08-2016 13:13:12;42,6067;13,3127;11;SURVEY-INGV;;;;ML;2,1;--;Rieti
7184741;25-08-2016 13:16:24;42,6718;13,2158;10,4;SURVEY-INGV;;;;ML;2,3;--;Rieti
7184901;25-08-2016 13:19:40;42,7707;13,2215;14;SURVEY-INGV;;;;ML;2,4;--;Ascoli Piceno
7185321;25-08-2016 13:27:22;42,61;13,3033;7,5;SURVEY-INGV;;;;ML;2,2;--;Rieti
7185651;25-08-2016 13:34:55;42,605;13,294;9,6;SURVEY-INGV;;;;ML;2,8;--;Rieti
7185691;25-08-2016 13:36:09;42,81;13,1987;10;SURVEY-INGV;;;;ML;2,1;--;Perugia
7185801;25-08-2016 13:37:34;42,746;13,1982;10,5;SURVEY-INGV;;;;ML;2,2;--;Rieti
7186241;25-08-2016 13:46:09;42,6212;13,2987;8,5;SURVEY-INGV;;;;ML;2,1;--;Rieti
7186301;25-08-2016 13:47:28;42,7247;13,209;10,7;SURVEY-INGV;;;;ML;2,4;--;Rieti
7186661;25-08-2016 13:54:50;42,6807;13,2195;10,1;SURVEY-INGV;;;;ML;2,2;--;Rieti
7187311;25-08-2016 14:07:49;42,6267;13,3017;8,3;SURVEY-INGV;;;;ML;2,2;--;Rieti
7187731;25-08-2016 14:17:19;42,7773;13,1187;8,1;SURVEY-INGV;;;;ML;2,7;--;Perugia
7188071;25-08-2016 14:25:08;42,783;13,1197;7,6;SURVEY-INGV;;;;ML;2;--;Perugia
7188111;25-08-2016 14:25:48;42,7427;13,2463;10,2;SURVEY-INGV;;;;ML;2,2;--;Ascoli Piceno
7189391;25-08-2016 14:55:34;42,7948;13,2022;9,1;SURVEY-INGV;;;;ML;2,5;--;Ascoli Piceno
7189591;25-08-2016 14:58:48;42,8123;13,245;8,5;SURVEY-INGV;;;;ML;2,1;--;Ascoli Piceno
7189911;25-08-2016 15:06:43;42,8093;13,2372;8,4;SURVEY-INGV;;;;ML;2,1;--;Ascoli Piceno
7190181;25-08-2016 15:14:51;42,7322;13,2343;9,3;SURVEY-INGV;;;;ML;2,1;--;Rieti
7190221;25-08-2016 15:15:25;42,7993;13,2092;10;SURVEY-INGV;;;;ML;2,2;--;Ascoli Piceno
7190531;25-08-2016 15:22:30;42,8432;13,2212;7,8;SURVEY-INGV;;;;ML;2,9;--;Macerata
7190551;25-08-2016 15:24:10;42,6198;13,2957;9,7;SURVEY-INGV;;;;ML;2;--;Rieti
7190831;25-08-2016 15:32:53;42,6863;13,2095;10,3;SURVEY-INGV;;;;ML;2,5;--;Rieti
7191611;25-08-2016 15:49:08;42,8162;13,2393;9,4;SURVEY-INGV;;;;ML;2,1;--;Ascoli Piceno
7192191;25-08-2016 16:00:52;42,8285;13,2318;8,6;SURVEY-INGV;;;;ML;2,1;--;Ascoli Piceno
7192671;25-08-2016 16:09:23;42,7037;13,2243;8,2;SURVEY-INGV;;;;ML;2,4;--;Rieti
7192701;25-08-2016 16:10:29;42,6785;13,1877;10,4;SURVEY-INGV;;;;ML;2,4;--;Rieti
7193401;25-08-2016 16:23:45;42,8088;13,2493;9;SURVEY-INGV;;;;ML;2,7;--;Ascoli Piceno
7193931;25-08-2016 16:32:11;42,7987;13,2158;10;SURVEY-INGV;;;;ML;2,1;--;Ascoli Piceno
7194731;25-08-2016 16:47:25;42,8315;13,2227;9;SURVEY-INGV;;;;ML;2;--;Ascoli Piceno
7195081;25-08-2016 16:54:38;42,6107;13,2985;7,5;SURVEY-INGV;;;;ML;2,3;--;Rieti
7195251;25-08-2016 16:57:43;42,8048;13,2012;9,9;SURVEY-INGV;;;;ML;2;--;Ascoli Piceno
7195311;25-08-2016 16:59:13;42,7763;13,2478;9,6;SURVEY-INGV;;;;ML;2,3;--;Ascoli Piceno
7195371;25-08-2016 17:00:15;42,8153;13,1932;10,5;SURVEY-INGV;;;;ML;2,2;--;Perugia
7196501;25-08-2016 17:22:43;42,6612;13,2603;10;SURVEY-INGV;;;;ML;2;--;Rieti
7197011;25-08-2016 17:30:24;42,6258;13,2995;8;SURVEY-INGV;;;;ML;2,1;--;Rieti
7197031;25-08-2016 17:31:10;42,8108;13,2493;7,3;SURVEY-INGV;;;;ML;2,7;--;Ascoli Piceno
7197081;25-08-2016 17:32:00;42,7548;13,1677;11;SURVEY-INGV;;;;ML;2,1;--;Perugia
7197131;25-08-2016 17:32:25;42,8338;13,1598;10,3;SURVEY-INGV;;;;ML;2,2;--;Macerata
7197361;25-08-2016 17:37:39;42,7567;13,1487;9,2;SURVEY-INGV;;;;ML;2,5;--;Perugia
7197781;25-08-2016 17:45:23;42,6412;13,2998;10,9;SURVEY-INGV;;;;ML;2,1;--;Rieti
7198011;25-08-2016 17:51:25;42,6058;13,2938;7,9;SURVEY-INGV;;;;ML;2,5;--;Rieti
7198261;25-08-2016 17:59:56;42,7917;13,2623;11,1;SURVEY-INGV;;;;ML;2,2;--;Ascoli Piceno
7198331;25-08-2016 18:02:54;42,6083;13,2997;8,2;SURVEY-INGV;;;;ML;2;--;Rieti
7198501;25-08-2016 18:08:10;42,6083;13,2673;10,3;SURVEY-INGV;;;;ML;2,2;--;Rieti
7199381;25-08-2016 18:29:08;42,63;13,3088;7,6;SURVEY-INGV;;;;ML;2,8;--;Rieti
7199711;25-08-2016 18:34:41;42,6342;13,2262;9,2;SURVEY-INGV;;;;ML;2,3;--;Rieti
7199981;25-08-2016 18:42:32;42,7658;13,1483;9,9;SURVEY-INGV;;;;ML;2;--;Perugia
7200181;25-08-2016 18:47:03;42,7392;13,176;10,9;SURVEY-INGV;;;;ML;2;--;Rieti
7200781;25-08-2016 19:00:58;42,6177;13,2983;7,5;SURVEY-INGV;;;;ML;2,2;--;Rieti
7200961;25-08-2016 19:05:31;42,644;13,2838;8;SURVEY-INGV;;;;ML;2,2;--;Rieti
7201031;25-08-2016 19:07:14;42,8025;13,1628;10,2;SURVEY-INGV;;;;ML;2,1;--;Perugia
7201241;25-08-2016 19:12:24;42,7825;13,1778;16,7;SURVEY-INGV;;;;ML;2;--;Perugia
7201921;25-08-2016 19:31:29;42,7923;13,2163;8,9;SURVEY-INGV;;;;ML;2,4;--;Ascoli Piceno
7201981;25-08-2016 19:32:43;42,739;13,2203;10,4;SURVEY-INGV;;;;ML;2,3;--;Rieti
7202351;25-08-2016 19:40:45;42,5908;13,2883;10,4;SURVEY-INGV;;;;ML;3,3;--;Rieti
7202461;25-08-2016 19:44:02;42,6115;13,2267;14,6;SURVEY-INGV;;;;ML;2,1;--;Rieti
7202681;25-08-2016 19:48:50;42,6062;13,2968;9,6;SURVEY-INGV;;;;ML;2,6;--;Rieti
7203881;25-08-2016 20:17:49;42,7623;13,158;10,4;SURVEY-INGV;;;;ML;2;--;Perugia
7204241;25-08-2016 20:26:49;42,6258;13,2252;9,7;SURVEY-INGV;;;;ML;2,4;--;Rieti
7204781;25-08-2016 20:40:42;42,8187;13,1925;10,1;SURVEY-INGV;;;;ML;2,3;--;Perugia
7204871;25-08-2016 20:42:37;42,7912;13,1968;6,6;SURVEY-INGV;;;;ML;2;--;Ascoli Piceno
7205161;25-08-2016 20:49:44;42,812;13,1817;15,3;SURVEY-INGV;;;;ML;2,2;--;Perugia
7205431;25-08-2016 20:55:13;42,792;13,1487;10,8;SURVEY-INGV;;;;ML;2,2;--;Perugia
7205571;25-08-2016 20:59:28;42,8188;13,1637;8,8;SURVEY-INGV;;;;ML;2,3;--;Perugia
7205611;25-08-2016 21:00:17;42,6348;13,2967;10,5;SURVEY-INGV;;;;ML;2,2;--;Rieti
7205721;25-08-2016 21:05:17;42,7252;13,1923;10,4;SURVEY-INGV;;;;ML;2,5;--;Rieti
7205771;25-08-2016 21:06:06;42,6408;13,2913;8,3;SURVEY-INGV;;;;ML;2,7;--;Rieti
7205921;25-08-2016 21:09:31;42,7198;13,2247;9,9;SURVEY-INGV;;;;ML;2;--;Rieti
7206151;25-08-2016 21:14:24;42,6237;13,2902;7,9;SURVEY-INGV;;;;ML;2,6;--;Rieti
7206171;25-08-2016 21:14:24;42,6298;13,2972;8,1;SURVEY-INGV;;;;ML;2,4;--;Rieti
7206251;25-08-2016 21:16:23;42,5332;13,2217;10,6;SURVEY-INGV;;;;ML;2,2;--;L'Aquila
7206431;25-08-2016 21:20:48;42,7233;13,2213;10,4;SURVEY-INGV;;;;ML;2;--;Rieti
7206651;25-08-2016 21:24:21;42,7347;13,2017;8,7;SURVEY-INGV;;;;ML;2;--;Rieti
7206771;25-08-2016 21:26:37;42,8257;13,1568;8,4;SURVEY-INGV;;;;ML;2,4;--;Perugia
7206801;25-08-2016 21:27:19;42,6038;13,2507;10,7;SURVEY-INGV;;;;ML;2,5;--;Rieti
7207381;25-08-2016 21:39:17;42,8048;13,2113;9,9;SURVEY-INGV;;;;ML;2,4;--;Ascoli Piceno
7207461;25-08-2016 21:40:47;42,8128;13,2102;12,6;SURVEY-INGV;;;;ML;2,2;--;Ascoli Piceno
7207911;25-08-2016 21:53:25;42,8182;13,1487;8;SURVEY-INGV;;;;ML;2;--;Perugia
7208031;25-08-2016 21:56:04;42,8168;13,1508;4,2;SURVEY-INGV;;;;ML;2,1;--;Perugia
7208651;25-08-2016 22:08:55;42,8447;13,1717;13,3;SURVEY-INGV;;;;ML;2,1;--;Macerata
7208801;25-08-2016 22:13:07;42,7365;13,3098;19,3;SURVEY-INGV;;;;ML;2,6;--;Ascoli Piceno
7208861;25-08-2016 22:13:45;42,8317;13,1635;10,2;SURVEY-INGV;;;;ML;2,3;--;Macerata
7209031;25-08-2016 22:16:25;42,7497;13,1895;9,6;SURVEY-INGV;;;;ML;2,1;--;Rieti
7209191;25-08-2016 22:20:03;42,8323;13,1598;9,9;SURVEY-INGV;;;;ML;2;--;Macerata
7209381;25-08-2016 22:24:42;42,7368;13,1947;6,5;SURVEY-INGV;;;;ML;2;--;Rieti
7210191;25-08-2016 22:43:46;42,7273;13,2498;10;SURVEY-INGV;;;;ML;2,3;--;Rieti
7210221;25-08-2016 22:45:11;42,6165;13,2255;11,2;SURVEY-INGV;;;;ML;2,3;--;Rieti
7210271;25-08-2016 22:46:24;42,8062;13,223;7,8;SURVEY-INGV;;;;ML;3,1;--;Ascoli Piceno
7210301;25-08-2016 22:46:24;42,8118;13,2147;9,3;SURVEY-INGV;;;;ML;2,8;--;Ascoli Piceno
7210311;25-08-2016 22:47:17;42,8133;13,1842;8;SURVEY-INGV;;;;ML;2,3;--;Perugia
7210341;25-08-2016 22:48:16;42,772;13,1577;11,1;SURVEY-INGV;;;;ML;2;--;Perugia
7210691;25-08-2016 22:54:21;42,8217;13,2108;6,7;SURVEY-INGV;;;;ML;2,2;--;Ascoli Piceno
7210771;25-08-2016 22:56:27;42,8123;13,233;7,8;SURVEY-INGV;;;;ML;2;--;Ascoli Piceno
7212321;25-08-2016 23:28:11;42,8242;13,1417;9,6;SURVEY-INGV;;;;ML;2;--;Perugia
7212571;25-08-2016 23:34:08;42,8408;13,137;8,2;SURVEY-INGV;;;;ML;2;--;Macerata
7212671;25-08-2016 23:35:45;42,7717;13,2427;9,3;SURVEY-INGV;;;;ML;2,3;--;Ascoli Piceno
7212711;25-08-2016 23:36:14;42,6138;13,317;11;SURVEY-INGV;;;;ML;2;--;Rieti
7213271;25-08-2016 23:49:55;42,7968;13,2355;7,5;SURVEY-INGV;;;;ML;3,6;--;Ascoli Piceno
7213611;26-08-2016 00:02:18;42,8072;13,1857;6,9;SURVEY-INGV;;;;ML;2,1;--;Perugia
7213761;26-08-2016 00:04:09;42,6667;13,2873;10,2;SURVEY-INGV;;;;ML;3,8;--;Rieti
7214151;26-08-2016 00:13:30;42,805;13,2078;9,2;SURVEY-INGV;;;;ML;2,3;--;Ascoli Piceno
7214471;26-08-2016 00:19:59;42,7402;13,2243;6,3;SURVEY-INGV;;;;ML;2;--;Rieti
7214861;26-08-2016 00:29:32;42,7225;13,1993;10,8;SURVEY-INGV;;;;ML;2,3;--;Rieti
7214871;26-08-2016 00:30:23;42,7317;13,1858;10,3;SURVEY-INGV;;;;ML;2,3;--;Rieti
7215131;26-08-2016 00:36:30;42,6753;13,2233;12;SURVEY-INGV;;;;ML;2,1;--;Rieti
7215841;26-08-2016 00:53:20;42,6252;13,2435;10,9;SURVEY-INGV;;;;ML;2,1;--;Rieti
7216341;26-08-2016 01:06:47;42,6227;13,3058;11,1;SURVEY-INGV;;;;ML;2,2;--;Rieti
7216411;26-08-2016 01:09:00;42,7892;13,2265;5,4;SURVEY-INGV;;;;ML;2;--;Ascoli Piceno
7216481;26-08-2016 01:10:00;42,7555;13,1952;9,6;SURVEY-INGV;;;;ML;2,2;--;Rieti
7217201;26-08-2016 01:26:49;42,8215;13,1567;9;SURVEY-INGV;;;;ML;2,1;--;Perugia
7217851;26-08-2016 01:41:07;42,8103;13,2402;9,3;SURVEY-INGV;;;;ML;2,3;--;Ascoli Piceno
7218771;26-08-2016 02:04:40;42,8277;13,1465;11,1;SURVEY-INGV;;;;ML;2;--;Perugia
7218791;26-08-2016 02:05:05;42,8025;13,17;9,9;SURVEY-INGV;;;;ML;2,2;--;Perugia
7218921;26-08-2016 02:08:21;42,848;13,2087;6,8;SURVEY-INGV;;;;ML;2,1;--;Macerata
7219881;26-08-2016 02:35:26;42,8063;13,1567;8,7;SURVEY-INGV;;;;ML;2,7;--;Perugia
7220431;26-08-2016 02:53:16;42,7328;13,2713;9,8;SURVEY-INGV;;;;ML;2,2;--;Rieti
7220501;26-08-2016 02:55:08;42,6233;13,3027;10,6;SURVEY-INGV;;;;ML;2,1;--;Rieti
7220901;26-08-2016 03:05:51;42,7293;13,237;9,5;SURVEY-INGV;;;;ML;2,1;--;Rieti
7220921;26-08-2016 03:06:25;42,6818;13,2103;10,6;SURVEY-INGV;;;;ML;2,1;--;Rieti
7221021;26-08-2016 03:08:51;42,6193;13,3087;9,1;SURVEY-INGV;;;;ML;2,5;--;Rieti
7221231;26-08-2016 03:14:40;42,716;13,2797;10,6;SURVEY-INGV;;;;ML;2,2;--;Rieti
7222001;26-08-2016 03:31:01;42,7953;13,1972;10,2;SURVEY-INGV;;;;ML;2,4;--;Ascoli Piceno
7222271;26-08-2016 03:37:43;42,7628;13,1868;9,6;SURVEY-INGV;;;;ML;2,1;--;Perugia
7223241;26-08-2016 04:02:24;42,8073;13,1498;10,1;SURVEY-INGV;;;;ML;2;--;Perugia
7223481;26-08-2016 04:08:03;42,6975;13,2305;10,7;SURVEY-INGV;;;;ML;3;--;Rieti
7223591;26-08-2016 04:09:45;42,6953;13,2363;9,5;SURVEY-INGV;;;;ML;2,3;--;Rieti
7223691;26-08-2016 04:11:56;42,6163;13,2985;11;SURVEY-INGV;;;;ML;2,1;--;Rieti
7224121;26-08-2016 04:21:10;42,6153;13,2952;7,5;SURVEY-INGV;;;;ML;3;--;Rieti
7224451;26-08-2016 04:28:26;42,6003;13,2895;10,9;SURVEY-INGV;;;;Mw;4,8;--;Rieti
7224671;26-08-2016 04:33:57;42,6183;13,2987;7;SURVEY-INGV;;;;ML;2,6;--;Rieti
7224791;26-08-2016 04:35:52;42,7177;13,2668;10,1;SURVEY-INGV;;;;ML;2,7;--;Rieti
7224861;26-08-2016 04:37:13;42,5982;13,3077;10;SURVEY-INGV;;;;ML;2;--;Rieti
7224921;26-08-2016 04:39:49;42,7567;13,1682;9,4;SURVEY-INGV;;;;ML;2,4;--;Perugia
7224961;26-08-2016 04:41:21;42,623;13,2982;10,7;SURVEY-INGV;;;;ML;2,8;--;Rieti
7224981;26-08-2016 04:42:03;42,619;13,3032;9,8;SURVEY-INGV;;;;ML;2,7;--;Rieti
7225011;26-08-2016 04:42:58;42,7063;13,2333;9,8;SURVEY-INGV;;;;ML;2,1;--;Rieti
7225041;26-08-2016 04:45:02;42,6095;13,2793;5,4;SURVEY-INGV;;;;ML;2,5;--;Rieti
7225071;26-08-2016 04:45:48;42,6143;13,31;10,2;SURVEY-INGV;;;;ML;2,3;--;Rieti
7225101;26-08-2016 04:46:38;42,6807;13,1823;9,9;SURVEY-INGV;;;;ML;2;--;Rieti
7225121;26-08-2016 04:48:21;42,6038;13,3013;8,9;SURVEY-INGV;;;;ML;2,1;--;Rieti
7225141;26-08-2016 04:49:07;42,8227;13,2533;8,5;SURVEY-INGV;;;;ML;2,1;--;Ascoli Piceno
7225191;26-08-2016 04:50:42;42,7845;13,1678;10,3;SURVEY-INGV;;;;ML;2,1;--;Perugia
7225281;26-08-2016 04:53:36;42,626;13,2925;5,3;SURVEY-INGV;;;;ML;2,1;--;Rieti
7225311;26-08-2016 04:54:39;42,7518;13,2442;10,8;SURVEY-INGV;;;;ML;2,1;--;Ascoli Piceno
7225361;26-08-2016 04:56:12;42,6105;13,3022;6,1;SURVEY-INGV;;;;ML;2,5;--;Rieti
7225591;26-08-2016 05:03:52;42,6075;13,3147;9,2;SURVEY-INGV;;;;ML;2,7;--;Rieti
7225741;26-08-2016 05:08:31;42,7778;13,1587;9,8;SURVEY-INGV;;;;ML;3,2;--;Perugia
7225751;26-08-2016 05:08:55;42,6188;13,2985;7,5;SURVEY-INGV;;;;ML;3,3;--;Rieti
7225921;26-08-2016 05:15:44;42,6302;13,2933;7,2;SURVEY-INGV;;;;ML;2,4;--;Rieti
7225951;26-08-2016 05:17:05;42,7528;13,2125;9,8;SURVEY-INGV;;;;ML;3,4;--;Rieti
7226041;26-08-2016 05:18:50;42,5952;13,3243;8,8;SURVEY-INGV;;;;ML;2,2;--;Rieti
7226081;26-08-2016 05:20:02;42,6413;13,2483;9,4;SURVEY-INGV;;;;ML;2,1;--;Rieti
7226241;26-08-2016 05:26:27;42,6217;13,3032;6,7;SURVEY-INGV;;;;ML;2,6;--;Rieti
7226311;26-08-2016 05:27:00;42,8083;13,147;9,7;SURVEY-INGV;;;;ML;2,8;--;Perugia
7226481;26-08-2016 05:32:52;42,7668;13,1495;7,9;SURVEY-INGV;;;;ML;3,5;--;Perugia
7226521;26-08-2016 05:34:32;42,8077;13,1918;9,2;SURVEY-INGV;;;;ML;2,4;--;Perugia
7226571;26-08-2016 05:36:38;42,5963;13,3097;11,2;SURVEY-INGV;;;;ML;2,3;--;Rieti
7226591;26-08-2016 05:37:13;42,8038;13,1622;10,4;SURVEY-INGV;;;;ML;2,3;--;Perugia
7226641;26-08-2016 05:40:27;42,6115;13,3013;7;SURVEY-INGV;;;;ML;2,3;--;Rieti
7226731;26-08-2016 05:43:58;42,6025;13,3037;6,3;SURVEY-INGV;;;;ML;2,4;--;Rieti
7226791;26-08-2016 05:45:07;42,5985;13,2975;7,3;SURVEY-INGV;;;;ML;2,8;--;Rieti
7226941;26-08-2016 05:50:34;42,6298;13,2967;6,8;SURVEY-INGV;;;;ML;3,1;--;Rieti
7226991;26-08-2016 05:51:18;42,5673;13,2887;10,2;SURVEY-INGV;;;;ML;3;--;L'Aquila
7227011;26-08-2016 05:52:39;42,6115;13,3052;6,6;SURVEY-INGV;;;;ML;2,4;--;Rieti
7227541;26-08-2016 06:13:15;42,9167;13,256;7,5;SURVEY-INGV;;;;ML;2,2;--;Ascoli Piceno
7227681;26-08-2016 06:17:17;42,6013;13,3048;9,1;SURVEY-INGV;;;;ML;2,1;--;Rieti
7227891;26-08-2016 06:25:34;42,8143;13,2448;8,4;SURVEY-INGV;;;;ML;2,1;--;Ascoli Piceno
7228001;26-08-2016 06:31:25;42,6213;13,3005;7,2;SURVEY-INGV;;;;ML;2,4;--;Rieti
7228051;26-08-2016 06:32:45;42,616;13,311;8,2;SURVEY-INGV;;;;ML;2,4;--;Rieti
7228501;26-08-2016 06:52:47;42,6083;13,2918;7,4;SURVEY-INGV;;;;ML;2,1;--;Rieti
7228541;26-08-2016 06:54:20;42,6002;13,2972;5,9;SURVEY-INGV;;;;ML;2,3;--;Rieti
7228671;26-08-2016 07:00:02;42,7937;13,203;10,3;SURVEY-INGV;;;;ML;2,5;--;Ascoli Piceno
7228691;26-08-2016 07:00:02;42,7952;13,2067;9,6;SURVEY-INGV;;;;ML;2,4;--;Ascoli Piceno
7229091;26-08-2016 07:13:38;42,6093;13,2998;7,5;SURVEY-INGV;;;;ML;2,1;--;Rieti
7229181;26-08-2016 07:18:57;42,6167;13,2998;6,7;SURVEY-INGV;;;;ML;2,6;--;Rieti
7229301;26-08-2016 07:24:14;42,6315;13,3017;9,7;SURVEY-INGV;;;;ML;2,2;--;Rieti
7229431;26-08-2016 07:29:05;42,7882;13,2142;10;SURVEY-INGV;;;;ML;2,7;--;Ascoli Piceno
7229461;26-08-2016 07:30:12;42,7657;13,1893;10,4;SURVEY-INGV;;;;ML;2,5;--;Perugia
7229871;26-08-2016 07:47:29;42,774;13,1493;6,8;SURVEY-INGV;;;;ML;2,3;--;Perugia
7230061;26-08-2016 07:56:40;42,778;13,2133;9,2;SURVEY-INGV;;;;ML;2;--;Ascoli Piceno
7230101;26-08-2016 07:58:26;42,6283;13,2867;5,3;SURVEY-INGV;;;;ML;2,3;--;Rieti
7230481;26-08-2016 08:14:06;42,6117;13,2973;7,8;SURVEY-INGV;;;;ML;2,7;--;Rieti
7230571;26-08-2016 08:18:53;42,8063;13,2463;6,2;SURVEY-INGV;;;;ML;2,4;--;Ascoli Piceno
7230601;26-08-2016 08:18:52;42,8122;13,245;6,4;SURVEY-INGV;;;;ML;2,1;--;Ascoli Piceno
7231181;26-08-2016 08:44:55;42,7697;13,1227;10,8;SURVEY-INGV;;;;ML;2,2;--;Perugia
7231191;26-08-2016 08:45:36;42,7968;13,1413;8,5;SURVEY-INGV;;;;ML;2,1;--;Perugia
7231301;26-08-2016 08:51:10;42,7487;13,218;7,9;SURVEY-INGV;;;;ML;2,1;--;Rieti
7231721;26-08-2016 09:09:45;42,7967;13,1558;9;SURVEY-INGV;;;;ML;2;--;Perugia
7231741;26-08-2016 09:10:28;42,7473;13,2298;9,2;SURVEY-INGV;;;;ML;2,1;--;Rieti
7232091;26-08-2016 09:24:10;42,7792;13,1785;9,8;SURVEY-INGV;;;;ML;2,8;--;Perugia
7232271;26-08-2016 09:32:04;42,7683;13,1087;10,5;SURVEY-INGV;;;;ML;2,2;--;Perugia
7232291;26-08-2016 09:33:10;42,7662;13,1893;10;SURVEY-INGV;;;;ML;2,1;--;Perugia
7232421;26-08-2016 09:39:54;42,7967;13,2152;9,1;SURVEY-INGV;;;;ML;2,5;--;Ascoli Piceno
7232461;26-08-2016 09:41:18;42,7888;13,2078;7,9;SURVEY-INGV;;;;ML;2,2;--;Ascoli Piceno
7232531;26-08-2016 09:43:55;42,6098;13,2987;6,3;SURVEY-INGV;;;;ML;2,3;--;Rieti
7232551;26-08-2016 09:44:25;42,6243;13,3083;6,9;SURVEY-INGV;;;;ML;2,4;--;Rieti
7233721;26-08-2016 10:22:47;42,7157;13,2105;10,2;SURVEY-INGV;;;;ML;2;--;Rieti
7234071;26-08-2016 10:33:59;42,8623;13,1603;10,7;SURVEY-INGV;;;;ML;2,3;--;Macerata
7234111;26-08-2016 10:34:56;42,629;13,3073;6,3;SURVEY-INGV;;;;ML;2,1;--;Rieti
7234241;26-08-2016 10:39:01;42,6152;13,308;10,8;SURVEY-INGV;;;;ML;2,3;--;Rieti
7234381;26-08-2016 10:44:20;42,8338;13,1602;10,7;SURVEY-INGV;;;;ML;2;--;Macerata
7234461;26-08-2016 10:49:21;42,6332;13,307;7,8;SURVEY-INGV;;;;ML;2,1;--;Rieti
7234541;26-08-2016 10:52:25;42,6218;13,2807;10,4;SURVEY-INGV;;;;ML;2,6;--;Rieti
7234571;26-08-2016 10:52:48;42,7463;13,2083;8,7;SURVEY-INGV;;;;ML;2,6;--;Rieti
7234721;26-08-2016 10:59:08;42,8027;13,167;9,5;SURVEY-INGV;;;;ML;2,3;--;Perugia
7234951;26-08-2016 11:06:45;42,6143;13,304;10,5;SURVEY-INGV;;;;ML;3;--;Rieti
7235181;26-08-2016 11:14:57;42,596;13,2993;7,5;SURVEY-INGV;;;;ML;2;--;Rieti
7235271;26-08-2016 11:19:00;42,6175;13,2867;10,7;SURVEY-INGV;;;;ML;2,1;--;Rieti
7235471;26-08-2016 11:26:12;42,7002;13,2933;10,7;SURVEY-INGV;;;;ML;2,1;--;Rieti
7235681;26-08-2016 11:34:31;42,6177;13,3317;10,4;SURVEY-INGV;;;;ML;2;--;Rieti
7236471;26-08-2016 12:08:02;42,7922;13,2373;7;SURVEY-INGV;;;;ML;2,8;--;Ascoli Piceno
7236491;26-08-2016 12:08:57;42,6092;13,3017;8,7;SURVEY-INGV;;;;ML;2,7;--;Rieti
7236521;26-08-2016 12:09:38;42,6078;13,3012;7,9;SURVEY-INGV;;;;ML;2,4;--;Rieti
7236721;26-08-2016 12:20:41;42,7518;13,1657;9,8;SURVEY-INGV;;;;ML;2;--;Perugia
7237001;26-08-2016 12:31:21;42,7637;13,2122;10,3;SURVEY-INGV;;;;ML;2,4;--;Ascoli Piceno
7237171;26-08-2016 12:35:24;42,6207;13,2478;10;SURVEY-INGV;;;;ML;2,4;--;Rieti
7237351;26-08-2016 12:43:18;42,6247;13,2127;11,3;SURVEY-INGV;;;;ML;2;--;Rieti
7237411;26-08-2016 12:46:24;42,6508;13,2917;7,5;SURVEY-INGV;;;;ML;2;--;Rieti
7237461;26-08-2016 12:48:46;42,8135;13,1577;10,3;SURVEY-INGV;;;;ML;2;--;Perugia
7237481;26-08-2016 12:50:00;42,8623;13,1652;10,5;SURVEY-INGV;;;;ML;2,1;--;Macerata
7237531;26-08-2016 12:50:42;42,8222;13,241;9,6;SURVEY-INGV;;;;ML;2;--;Ascoli Piceno
7238001;26-08-2016 13:10:56;42,732;13,1822;9,6;SURVEY-INGV;;;;ML;2,4;--;Rieti
7238121;26-08-2016 13:14:28;42,8182;13,2367;9,8;SURVEY-INGV;;;;ML;2,4;--;Ascoli Piceno
7238451;26-08-2016 13:27:48;42,6225;13,3003;7,4;SURVEY-INGV;;;;ML;2,4;--;Rieti
7238551;26-08-2016 13:34:34;42,6218;13,3167;8,2;SURVEY-INGV;;;;ML;2,5;--;Rieti
7238591;26-08-2016 13:35:30;42,8107;13,1743;9,5;SURVEY-INGV;;;;ML;2,3;--;Perugia
7238881;26-08-2016 13:47:32;42,8345;13,2172;8,3;SURVEY-INGV;;;;ML;2,6;--;Macerata
7239361;26-08-2016 14:08:06;42,8168;13,1675;10;SURVEY-INGV;;;;ML;2,1;--;Perugia
7239541;26-08-2016 14:15:10;42,5157;13,3038;14;SURVEY-INGV;;;;Md;2,1;--;L'Aquila
7239941;26-08-2016 14:33:41;42,6687;13,2097;14,8;SURVEY-INGV;;;;ML;2,8;--;Rieti
7240021;26-08-2016 14:38:15;42,6195;13,2853;7,3;SURVEY-INGV;;;;ML;2,1;--;Rieti
7240291;26-08-2016 14:48:40;42,761;13,1717;10,2;SURVEY-INGV;;;;ML;2;--;Perugia
7240741;26-08-2016 15:16:24;42,6017;13,2925;7,3;SURVEY-INGV;;;;ML;3;--;Rieti
7240861;26-08-2016 15:22:34;42,7412;13,1888;8,1;SURVEY-INGV;;;;ML;2,3;--;Rieti
7241121;26-08-2016 15:37:08;42,7483;13,1905;9,9;SURVEY-INGV;;;;ML;2,4;--;Rieti
7241231;26-08-2016 15:42:54;42,7957;13,2473;9,3;SURVEY-INGV;;;;ML;2;--;Ascoli Piceno
7241341;26-08-2016 15:47:42;42,8127;13,2463;9,6;SURVEY-INGV;;;;ML;2;--;Ascoli Piceno
7241401;26-08-2016 15:49:56;42,7587;13,245;9,9;SURVEY-INGV;;;;ML;2;--;Ascoli Piceno
7241731;26-08-2016 16:04:15;42,5883;13,2957;8,5;SURVEY-INGV;;;;ML;2,9;--;Rieti
7241751;26-08-2016 16:05:29;42,6927;13,1477;9,9;SURVEY-INGV;;;;ML;3,8;--;Rieti
7241821;26-08-2016 16:09:18;42,5993;13,298;6,7;SURVEY-INGV;;;;ML;2,7;--;Rieti
7241901;26-08-2016 16:10:25;42,7687;13,1255;10,3;SURVEY-INGV;;;;ML;2,1;--;Perugia
7242081;26-08-2016 16:14:27;42,7022;13,1637;10,9;SURVEY-INGV;;;;ML;2,1;--;Rieti
7242491;26-08-2016 16:37:47;42,6533;13,2262;11,3;SURVEY-INGV;;;;ML;2;--;Rieti
7242511;26-08-2016 16:38:25;42,8075;13,1757;9,9;SURVEY-INGV;;;;ML;2;--;Perugia
7243281;26-08-2016 17:11:55;42,6412;13,2992;10,9;SURVEY-INGV;;;;ML;2,8;--;Rieti
7243301;26-08-2016 17:14:05;42,8023;13,1503;7;SURVEY-INGV;;;;ML;2,1;--;Perugia
7243331;26-08-2016 17:14:34;42,7898;13,2412;9,3;SURVEY-INGV;;;;ML;2,1;--;Ascoli Piceno
7243471;26-08-2016 17:18:14;42,6272;13,2962;7,6;SURVEY-INGV;;;;ML;2,3;--;Rieti
7243931;26-08-2016 17:37:11;42,586;13,2965;9;SURVEY-INGV;;;;ML;2,5;--;Rieti
7244141;26-08-2016 17:45:57;42,8568;13,2415;9,5;SURVEY-INGV;;;;ML;2,1;--;Ascoli Piceno
7244451;26-08-2016 17:56:21;42,7852;13,2352;8,3;SURVEY-INGV;;;;ML;2,2;--;Ascoli Piceno
7244511;26-08-2016 17:59:20;42,5142;13,2903;10,9;SURVEY-INGV;;;;ML;2,2;--;L'Aquila
7244871;26-08-2016 18:15:04;42,5902;13,3012;8,3;SURVEY-INGV;;;;ML;2,7;--;Rieti
7244901;26-08-2016 18:16:48;42,7773;13,259;14,6;SURVEY-INGV;;;;ML;2,1;--;Ascoli Piceno
7245061;26-08-2016 18:24:28;42,6067;13,3052;9,8;SURVEY-INGV;;;;ML;2,2;--;Rieti
7245301;26-08-2016 18:35:26;42,7673;13,1798;9,6;SURVEY-INGV;;;;ML;2,2;--;Perugia
7245341;26-08-2016 18:36:24;42,7637;13,2352;9,1;SURVEY-INGV;;;;ML;2;--;Ascoli Piceno
7245671;26-08-2016 18:51:38;42,6862;13,1742;10;SURVEY-INGV;;;;ML;2,8;--;Rieti
7245691;26-08-2016 18:52:07;42,6127;13,2953;7,7;SURVEY-INGV;;;;ML;2,8;--;Rieti
7245871;26-08-2016 19:01:21;42,6098;13,2957;7,6;SURVEY-INGV;;;;ML;2;--;Rieti
7245931;26-08-2016 19:02:28;42,626;13,3035;7,7;SURVEY-INGV;;;;ML;2;--;Rieti
7245981;26-08-2016 19:03:18;42,6398;13,3157;7,9;SURVEY-INGV;;;;ML;2,5;--;Rieti
7246481;26-08-2016 19:17:47;42,6837;13,2933;9,7;SURVEY-INGV;;;;ML;2;--;Rieti
7247601;26-08-2016 19:43:20;42,6517;13,2512;11,1;SURVEY-INGV;;;;ML;2,6;--;Rieti
7248281;26-08-2016 19:58:10;42,708;13,2182;10,6;SURVEY-INGV;;;;ML;2,2;--;Rieti
7248441;26-08-2016 20:02:37;42,73;13,2028;10,2;SURVEY-INGV;;;;ML;2,1;--;Rieti
7248571;26-08-2016 20:04:42;42,6008;13,293;7,7;SURVEY-INGV;;;;ML;2,2;--;Rieti
7249101;26-08-2016 20:15:15;42,6252;13,2948;7,4;SURVEY-INGV;;;;ML;2,3;--;Rieti
7249411;26-08-2016 20:23:47;42,7388;13,1798;9,5;SURVEY-INGV;;;;ML;2,6;--;Rieti
7249471;26-08-2016 20:24:19;42,831;13,2335;9,1;SURVEY-INGV;;;;ML;2,2;--;Ascoli Piceno
7249581;26-08-2016 20:26:28;42,793;13,1303;8;SURVEY-INGV;;;;ML;2,8;--;Perugia
7249761;26-08-2016 20:31:27;42,7873;13,1297;7,9;SURVEY-INGV;;;;ML;2,2;--;Perugia
7250391;26-08-2016 20:47:31;42,7438;13,1428;10,8;SURVEY-INGV;;;;ML;2,2;--;Perugia
7250451;26-08-2016 20:49:12;42,794;13,1532;10,1;SURVEY-INGV;;;;ML;3,2;--;Perugia
7250501;26-08-2016 20:51:50;42,7373;13,1692;10,2;SURVEY-INGV;;;;ML;2,6;--;Rieti
7250621;26-08-2016 20:56:30;42,7438;13,1728;10,7;SURVEY-INGV;;;;ML;2,6;--;Rieti
7250681;26-08-2016 20:56:30;42,746;13,175;10,6;SURVEY-INGV;;;;ML;2,5;--;Rieti
7250711;26-08-2016 20:57:43;42,7315;13,1858;9,2;SURVEY-INGV;;;;ML;2,2;--;Rieti
7250751;26-08-2016 20:58:19;42,7812;13,246;9,4;SURVEY-INGV;;;;ML;2,1;--;Ascoli Piceno
7251301;26-08-2016 21:09:26;42,735;13,1808;10,8;SURVEY-INGV;;;;ML;2,1;--;Rieti
7251721;26-08-2016 21:17:40;42,6148;13,3055;10,2;SURVEY-INGV;;;;ML;2,4;--;Rieti
7251801;26-08-2016 21:19:18;42,8157;13,1683;10,4;SURVEY-INGV;;;;ML;2,5;--;Perugia
7252071;26-08-2016 21:26:43;42,9468;13,1017;12,5;SURVEY-INGV;;;;ML;2,2;--;Macerata
7252811;26-08-2016 21:44:06;42,5958;13,2798;7,6;SURVEY-INGV;;;;ML;2,6;--;Rieti
7253091;26-08-2016 21:50:59;42,6197;13,3108;9,8;SURVEY-INGV;;;;ML;2,1;--;Rieti
7253351;26-08-2016 21:55:50;42,6545;13,2207;10,4;SURVEY-INGV;;;;ML;2,1;--;Rieti
7254061;26-08-2016 22:13:35;42,7343;13,2158;9,9;SURVEY-INGV;;;;ML;2;--;Rieti
7254291;26-08-2016 22:19:50;42,7643;13,1168;12,3;SURVEY-INGV;;;;ML;2,1;--;Perugia
7254651;26-08-2016 22:29:01;42,8467;13,2177;8,8;SURVEY-INGV;;;;ML;2,8;--;Macerata
7254771;26-08-2016 22:31:34;42,7532;13,1333;8;SURVEY-INGV;;;;ML;2,2;--;Perugia
7255021;26-08-2016 22:37:48;42,8187;13,1542;10,4;SURVEY-INGV;;;;ML;2,4;--;Perugia
7255091;26-08-2016 22:38:53;42,638;13,2952;7,2;SURVEY-INGV;;;;ML;2,4;--;Rieti
7255241;26-08-2016 22:46:05;42,6293;13,2862;8,1;SURVEY-INGV;;;;ML;2,1;--;Rieti
7255921;26-08-2016 23:02:07;42,6407;13,2517;11,1;SURVEY-INGV;;;;ML;2,3;--;Rieti
7256091;26-08-2016 23:07:06;42,7982;13,1583;10,2;SURVEY-INGV;;;;ML;2;--;Perugia
7256431;26-08-2016 23:13:37;42,8423;13,2577;8,1;SURVEY-INGV;;;;ML;3,2;--;Ascoli Piceno
7256791;26-08-2016 23:21:25;42,8225;13,2278;7,5;SURVEY-INGV;;;;ML;2;--;Ascoli Piceno
7256831;26-08-2016 23:22:18;42,6257;13,2985;9,4;SURVEY-INGV;;;;ML;2,1;--;Rieti
7257821;26-08-2016 23:48:38;42,8232;13,1617;10;SURVEY-INGV;;;;ML;2;--;Perugia
7257871;26-08-2016 23:50:07;42,6165;13,3023;8,1;SURVEY-INGV;;;;ML;2,1;--;Rieti
7258001;26-08-2016 23:53:58;42,6112;13,325;9,2;SURVEY-INGV;;;;ML;2,2;--;Rieti
7258401;27-08-2016 00:03:25;42,6707;13,2747;10,4;SURVEY-INGV;;;;ML;2,4;--;Rieti
7258451;27-08-2016 00:04:23;42,6287;13,3035;10,9;SURVEY-INGV;;;;ML;2,5;--;Rieti
7258501;27-08-2016 00:05:09;42,6177;13,3248;9,8;SURVEY-INGV;;;;ML;2,3;--;Rieti
7258581;27-08-2016 00:06:43;42,7162;13,3073;13,4;SURVEY-INGV;;;;ML;2,2;--;Rieti
7259061;27-08-2016 00:17:29;42,7918;13,148;9,2;SURVEY-INGV;;;;ML;2,4;--;Perugia
7259151;27-08-2016 00:18:28;42,8227;13,1367;8,3;SURVEY-INGV;;;;ML;2,2;--;Perugia
7259871;27-08-2016 00:36:55;42,8992;13,2167;8,8;SURVEY-INGV;;;;ML;2,2;--;Macerata
7260441;27-08-2016 00:50:49;42,5968;13,308;8,6;SURVEY-INGV;;;;ML;2;--;Rieti
7260471;27-08-2016 00:52:39;42,8343;13,2482;9,1;SURVEY-INGV;;;;ML;2,1;--;Ascoli Piceno
7260501;27-08-2016 00:53:29;42,8283;13,2473;8,1;SURVEY-INGV;;;;ML;2;--;Ascoli Piceno
7260741;27-08-2016 00:59:43;42,8355;13,2432;8,9;SURVEY-INGV;;;;ML;2,2;--;Ascoli Piceno
7260771;27-08-2016 01:00:26;42,8367;13,2412;8,8;SURVEY-INGV;;;;ML;2,2;--;Ascoli Piceno
7261031;27-08-2016 01:07:22;42,7917;13,206;9,6;SURVEY-INGV;;;;ML;2;--;Ascoli Piceno
7261391;27-08-2016 01:16:29;42,7748;13,1168;8,6;SURVEY-INGV;;;;ML;2,4;--;Perugia
7261441;27-08-2016 01:17:24;42,7743;13,1148;8,7;SURVEY-INGV;;;;ML;2,1;--;Perugia
7261551;27-08-2016 01:20:00;42,8013;13,1558;10;SURVEY-INGV;;;;ML;2,3;--;Perugia
7261581;27-08-2016 01:21:00;42,778;13,1107;8,3;SURVEY-INGV;;;;ML;2,4;--;Perugia
7261821;27-08-2016 01:26:40;42,8362;13,2453;9,1;SURVEY-INGV;;;;ML;3,7;--;Ascoli Piceno
7261891;27-08-2016 01:29:12;42,6448;13,29;5,5;SURVEY-INGV;;;;ML;2,4;--;Rieti
7262341;27-08-2016 01:38:56;42,7582;13,2263;10,3;SURVEY-INGV;;;;ML;2,5;--;Ascoli Piceno
7263451;27-08-2016 02:06:23;42,7725;13,1135;10,1;SURVEY-INGV;;;;ML;2;--;Perugia
7263961;27-08-2016 02:18:52;42,6277;13,3117;10,2;SURVEY-INGV;;;;ML;2,5;--;Rieti
7264381;27-08-2016 02:30:20;42,7497;13,2398;10,4;SURVEY-INGV;;;;ML;2;--;Ascoli Piceno
7265061;27-08-2016 02:49:22;42,744;13,2627;10,3;SURVEY-INGV;;;;ML;2,7;--;Ascoli Piceno
7265151;27-08-2016 02:50:59;42,8392;13,2488;8,2;SURVEY-INGV;;;;Mw;4;--;Ascoli Piceno
7265191;27-08-2016 02:52:24;42,6158;13,31;9,7;SURVEY-INGV;;;;ML;3;--;Rieti
7265431;27-08-2016 03:00:07;42,8415;13,2467;8,8;SURVEY-INGV;;;;ML;2,9;--;Ascoli Piceno
7265461;27-08-2016 03:00:54;42,8402;13,2473;8,1;SURVEY-INGV;;;;ML;3,1;--;Ascoli Piceno
7265491;27-08-2016 03:01:55;42,8322;13,2632;8,1;SURVEY-INGV;;;;ML;2,2;--;Ascoli Piceno
7266291;27-08-2016 03:20:05;42,736;13,1892;8,8;SURVEY-INGV;;;;ML;2;--;Rieti
7266761;27-08-2016 03:30:11;42,7367;13,1903;10,1;SURVEY-INGV;;;;ML;2,8;--;Rieti
7266851;27-08-2016 03:32:41;42,8425;13,2397;8,6;SURVEY-INGV;;;;ML;2,3;--;Ascoli Piceno
7267101;27-08-2016 03:38:49;42,8458;13,2398;8,7;SURVEY-INGV;;;;ML;2;--;Ascoli Piceno
7267201;27-08-2016 03:40:18;42,8242;13,254;7,1;SURVEY-INGV;;;;ML;2,2;--;Ascoli Piceno
7267541;27-08-2016 03:46:11;42,8007;13,2432;8,4;SURVEY-INGV;;;;ML;2;--;Ascoli Piceno
7268541;27-08-2016 04:10:26;42,6647;13,3062;10;SURVEY-INGV;;;;ML;2,2;--;Rieti
7269191;27-08-2016 04:25:24;42,7248;13,2492;10,5;SURVEY-INGV;;;;ML;2,1;--;Rieti
7269281;27-08-2016 04:27:02;42,8307;13,2705;8,3;SURVEY-INGV;;;;ML;2,3;--;Ascoli Piceno
7269861;27-08-2016 04:39:33;42,81;13,2427;7,9;SURVEY-INGV;;;;ML;2,1;--;Ascoli Piceno
7270281;27-08-2016 04:48:59;42,7407;13,2587;10,2;SURVEY-INGV;;;;ML;2,1;--;Ascoli Piceno
7270591;27-08-2016 04:56:45;42,7487;13,2477;10,1;SURVEY-INGV;;;;ML;2,9;--;Ascoli Piceno
7270641;27-08-2016 04:57:42;42,6073;13,3118;8,2;SURVEY-INGV;;;;ML;2,4;--;Rieti
7271221;27-08-2016 05:13:08;42,8383;13,2537;8;SURVEY-INGV;;;;ML;2,4;--;Ascoli Piceno
7271661;27-08-2016 05:24:04;42,6378;13,2862;6;SURVEY-INGV;;;;ML;2;--;Rieti
7271721;27-08-2016 05:26:12;42,7368;13,1957;10,1;SURVEY-INGV;;;;ML;2,2;--;Rieti
7272241;27-08-2016 05:36:06;42,6778;13,2695;10;SURVEY-INGV;;;;ML;2;--;Rieti
7272551;27-08-2016 05:42:03;42,6523;13,2097;12,8;SURVEY-INGV;;;;ML;2,4;--;Rieti
7273201;27-08-2016 06:01:13;42,8058;13,2445;8,3;SURVEY-INGV;;;;ML;2,1;--;Ascoli Piceno
7273561;27-08-2016 06:08:30;42,8383;13,2357;7,2;SURVEY-INGV;;;;ML;3,3;--;Ascoli Piceno
7274021;27-08-2016 06:20:30;42,5475;13,3098;16,3;SURVEY-INGV;;;;ML;3,4;--;L'Aquila
7274121;27-08-2016 06:22:44;42,7058;13,1975;8,9;SURVEY-INGV;;;;ML;2;--;Rieti
7274861;27-08-2016 06:40:07;42,5928;13,2737;9,8;SURVEY-INGV;;;;ML;2,2;--;Rieti
7274911;27-08-2016 06:41:03;42,7808;13,1637;10,2;SURVEY-INGV;;;;ML;2,5;--;Perugia
7275261;27-08-2016 06:52:03;42,7815;13,1638;10;SURVEY-INGV;;;;ML;2;--;Perugia
7275561;27-08-2016 06:57:48;42,8442;13,2492;8;SURVEY-INGV;;;;ML;2,4;--;Ascoli Piceno
7275761;27-08-2016 07:03:58;42,8928;13,3727;9,7;SURVEY-INGV;;;;ML;2;--;Ascoli Piceno
7276151;27-08-2016 07:14:02;42,8483;13,2368;8,3;SURVEY-INGV;;;;ML;2,6;--;Ascoli Piceno
7276171;27-08-2016 07:14:02;42,8483;13,246;8,9;SURVEY-INGV;;;;ML;2,8;--;Ascoli Piceno
7276371;27-08-2016 07:17:29;42,5958;13,3042;7,1;SURVEY-INGV;;;;ML;2;--;Rieti
7277001;27-08-2016 07:33:43;42,6238;13,3332;9,7;SURVEY-INGV;;;;ML;2;--;Rieti
7277101;27-08-2016 07:36:07;42,6277;13,2943;8,1;SURVEY-INGV;;;;ML;2,7;--;Rieti
7277421;27-08-2016 07:44:13;42,7658;13,2272;8,7;SURVEY-INGV;;;;ML;3;--;Ascoli Piceno
7277541;27-08-2016 07:48:36;42,6465;13,2273;10,3;SURVEY-INGV;;;;ML;2,2;--;Rieti
7277691;27-08-2016 07:54:25;42,8347;13,2407;8,1;SURVEY-INGV;;;;ML;2,6;--;Ascoli Piceno
7277751;27-08-2016 07:55:54;42,638;13,2987;7,4;SURVEY-INGV;;;;ML;2;--;Rieti
7278371;27-08-2016 08:12:08;42,6103;13,311;10,1;SURVEY-INGV;;;;ML;2,2;--;Rieti
7278571;27-08-2016 08:16:57;42,7372;13,2268;10,5;SURVEY-INGV;;;;ML;2,1;--;Rieti
7278891;27-08-2016 08:22:52;42,7832;13,1753;10,2;SURVEY-INGV;;;;ML;2;--;Perugia
7279091;27-08-2016 08:27:16;42,4653;13,2447;11;SURVEY-INGV;;;;ML;2,8;--;L'Aquila
7279171;27-08-2016 08:30:50;42,8157;13,2393;9,3;SURVEY-INGV;;;;ML;2,8;--;Ascoli Piceno
7279201;27-08-2016 08:31:44;42,5987;13,2758;10,3;SURVEY-INGV;;;;ML;2,7;--;Rieti
7279791;27-08-2016 08:47:04;42,7352;13,1948;10;SURVEY-INGV;;;;ML;2,4;--;Rieti
7280991;27-08-2016 09:20:39;42,7872;13,2293;11,1;SURVEY-INGV;;;;ML;2,1;--;Ascoli Piceno
7281681;27-08-2016 09:41:38;42,7925;13,1815;8,6;SURVEY-INGV;;;;ML;3,2;--;Perugia
7281741;27-08-2016 09:43:18;42,7712;13,2282;8,2;SURVEY-INGV;;;;ML;2,5;--;Ascoli Piceno
7282311;27-08-2016 10:01:41;42,7478;13,2302;10,6;SURVEY-INGV;;;;ML;2,2;--;Rieti
7282251;27-08-2016 10:01:41;42,7547;13,2352;11;SURVEY-INGV;;;;ML;2,2;--;Ascoli Piceno
7283301;27-08-2016 10:25:55;42,8327;13,1732;6,4;SURVEY-INGV;;;;ML;2,2;--;Macerata
7283271;27-08-2016 10:25:55;42,8357;13,165;8,3;SURVEY-INGV;;;;ML;2,7;--;Macerata
7283331;27-08-2016 10:26:43;42,6037;13,3153;10;SURVEY-INGV;;;;ML;2,4;--;Rieti
7283661;27-08-2016 10:32:13;42,7772;13,1428;8,8;SURVEY-INGV;;;;ML;2,3;--;Perugia
7284031;27-08-2016 10:40:14;42,8382;13,2462;6,8;SURVEY-INGV;;;;ML;3,6;--;Ascoli Piceno
7284251;27-08-2016 10:44:33;42,6078;13,3145;10;SURVEY-INGV;;;;ML;2,4;--;Rieti
7284281;27-08-2016 10:45:24;42,8318;13,164;7,3;SURVEY-INGV;;;;ML;2,3;--;Macerata
7285001;27-08-2016 11:01:02;42,8223;13,1617;10,5;SURVEY-INGV;;;;ML;2,1;--;Perugia
7285341;27-08-2016 11:09:49;42,6132;13,3283;10,6;SURVEY-INGV;;;;ML;2,5;--;Rieti
7285401;27-08-2016 11:11:29;42,841;13,2508;7,9;SURVEY-INGV;;;;ML;2,1;--;Ascoli Piceno
7286041;27-08-2016 11:32:51;42,7163;13,2233;7,9;SURVEY-INGV;;;;ML;2;--;Rieti
7286301;27-08-2016 11:41:26;42,6088;13,2932;9,8;SURVEY-INGV;;;;ML;2,4;--;Rieti
7286351;27-08-2016 11:44:11;42,6285;13,2908;8,5;SURVEY-INGV;;;;ML;2,2;--;Rieti
7286921;27-08-2016 12:01:00;42,7948;13,2193;9,8;SURVEY-INGV;;;;ML;2,4;--;Ascoli Piceno
7287071;27-08-2016 12:03:16;42,6232;13,3;9,8;SURVEY-INGV;;;;ML;2,1;--;Rieti
7288941;27-08-2016 12:56:40;42,7192;13,2572;10,2;SURVEY-INGV;;;;ML;2,7;--;Rieti
7289201;27-08-2016 13:05:40;42,8448;13,2508;8,5;SURVEY-INGV;;;;ML;2,2;--;Ascoli Piceno
7290081;27-08-2016 13:30:17;42,8165;13,1665;10,5;SURVEY-INGV;;;;ML;2;--;Perugia
7290311;27-08-2016 13:37:07;42,7317;13,2112;10;SURVEY-INGV;;;;ML;2,3;--;Rieti
7290411;27-08-2016 13:38:59;42,5932;13,2873;18,5;SURVEY-INGV;;;;ML;2,4;--;Rieti
7290441;27-08-2016 13:39:32;42,7558;13,1815;10,9;SURVEY-INGV;;;;ML;2,1;--;Perugia
7292861;27-08-2016 14:44:21;42,781;13,177;10,1;SURVEY-INGV;;;;ML;2;--;Perugia
7293431;27-08-2016 15:02:23;42,771;13,1148;7,1;SURVEY-INGV;;;;ML;2,6;--;Perugia
7293491;27-08-2016 15:03:43;42,7788;13,1332;8,7;SURVEY-INGV;;;;ML;2;--;Perugia
7293841;27-08-2016 15:14:11;42,7465;13,2042;11;SURVEY-INGV;;;;ML;2,4;--;Rieti
7293891;27-08-2016 15:16:25;42,6313;13,2968;8,3;SURVEY-INGV;;;;ML;2,1;--;Rieti
7294351;27-08-2016 15:29:49;42,6443;13,3022;10,1;SURVEY-INGV;;;;ML;2,1;--;Rieti
7295401;27-08-2016 15:59:23;42,6128;13,2623;10,8;SURVEY-INGV;;;;ML;2;--;Rieti
7296211;27-08-2016 16:21:20;42,6352;13,2912;10,5;SURVEY-INGV;;;;ML;2,1;--;Rieti
7296571;27-08-2016 16:31:28;42,676;13,2128;10,8;SURVEY-INGV;;;;ML;2,4;--;Rieti
7297031;27-08-2016 16:43:52;42,7822;13,1302;9,3;SURVEY-INGV;;;;ML;2,2;--;Perugia
7297391;27-08-2016 16:55:31;42,8258;13,1467;9,7;SURVEY-INGV;;;;ML;2,7;--;Perugia
7297551;27-08-2016 17:02:28;42,8047;13,1768;10,3;SURVEY-INGV;;;;ML;2,1;--;Perugia
7299421;27-08-2016 17:50:27;42,8132;13,2083;10,8;SURVEY-INGV;;;;ML;2,8;--;Ascoli Piceno
7301081;27-08-2016 18:34:22;42,7783;13,1268;9,8;SURVEY-INGV;;;;ML;2,3;--;Perugia
7301861;27-08-2016 18:58:17;42,6148;13,3088;9,9;SURVEY-INGV;;;;ML;2,1;--;Rieti
7303831;27-08-2016 19:59:39;42,8003;13,2393;7,5;SURVEY-INGV;;;;ML;2,3;--;Ascoli Piceno
7304461;27-08-2016 20:19:27;42,6195;13,2897;11;SURVEY-INGV;;;;ML;2,2;--;Rieti
7305471;27-08-2016 20:47:27;42,79;13,226;10,4;SURVEY-INGV;;;;ML;2;--;Ascoli Piceno
7306431;27-08-2016 21:13:11;42,6067;13,2983;10,1;SURVEY-INGV;;;;ML;2,9;--;Rieti
7306911;27-08-2016 21:26:58;42,6557;13,3328;10,4;SURVEY-INGV;;;;ML;2,8;--;Rieti
7307161;27-08-2016 21:31:43;42,5932;13,2643;11,2;SURVEY-INGV;;;;ML;3,4;--;Rieti
7307191;27-08-2016 21:33:47;42,6207;13,2678;8,1;SURVEY-INGV;;;;ML;2,5;--;Rieti
7307241;27-08-2016 21:34:29;42,5928;13,2715;11,2;SURVEY-INGV;;;;ML;2,1;--;Rieti
7307571;27-08-2016 21:43:05;42,5977;13,3038;9,9;SURVEY-INGV;;;;ML;2,3;--;Rieti
7308141;27-08-2016 21:59:30;42,6782;13,3107;9,4;SURVEY-INGV;;;;ML;2,3;--;Rieti
7308551;27-08-2016 22:10:33;42,6642;13,2942;11,2;SURVEY-INGV;;;;ML;2;--;Rieti
7309151;27-08-2016 22:25:07;42,7973;13,2132;9,5;SURVEY-INGV;;;;ML;2;--;Ascoli Piceno
7309581;27-08-2016 22:38:11;42,7387;13,1882;10,1;SURVEY-INGV;;;;ML;2;--;Rieti
7309781;27-08-2016 22:41:48;42,7675;13,1138;9,3;SURVEY-INGV;;;;ML;2,2;--;Perugia
7309821;27-08-2016 22:43:09;42,7698;13,1027;9,3;SURVEY-INGV;;;;ML;2;--;Perugia
7310091;27-08-2016 22:48:40;42,7498;13,2565;10,8;SURVEY-INGV;;;;ML;2,3;--;Ascoli Piceno
7310631;27-08-2016 23:01:02;42,7568;13,1458;10,1;SURVEY-INGV;;;;ML;2,1;--;Perugia
7311301;27-08-2016 23:18:27;42,7672;13,0905;7,5;SURVEY-INGV;;;;ML;2,3;--;Perugia
7311721;27-08-2016 23:26:38;42,8087;13,1472;10,1;SURVEY-INGV;;;;ML;2,2;--;Perugia
7311771;27-08-2016 23:27:23;42,7933;13,1427;10,4;SURVEY-INGV;;;;ML;2,3;--;Perugia
7311821;27-08-2016 23:28:10;42,5953;13,3128;8,4;SURVEY-INGV;;;;ML;2;--;Rieti
7311861;27-08-2016 23:28:54;42,7633;13,1027;7,6;SURVEY-INGV;;;;ML;2;--;Perugia
7312101;27-08-2016 23:35:36;42,6405;13,2805;6,5;SURVEY-INGV;;;;ML;2;--;Rieti
7312491;27-08-2016 23:41:56;42,6217;13,31;7,2;SURVEY-INGV;;;;ML;2,5;--;Rieti
7312791;27-08-2016 23:49:54;42,7492;13,0363;10,3;SURVEY-INGV;;;;ML;2,4;--;Perugia
7312851;27-08-2016 23:52:55;42,8062;13,1422;8,8;SURVEY-INGV;;;;ML;2,6;--;Perugia
7312881;27-08-2016 23:53:20;42,6202;13,3042;11,1;SURVEY-INGV;;;;ML;2,9;--;Rieti
7313571;28-08-2016 00:11:19;42,7793;13,1178;6,8;SURVEY-INGV;;;;ML;2,2;--;Perugia
7314121;28-08-2016 00:24:09;42,7852;13,1305;8,7;SURVEY-INGV;;;;ML;2,1;--;Perugia
7314331;28-08-2016 00:31:59;42,7832;13,1333;8,5;SURVEY-INGV;;;;ML;2,2;--;Perugia
7314701;28-08-2016 00:41:27;42,6005;13,2667;11,7;SURVEY-INGV;;;;ML;2,1;--;Rieti
7314791;28-08-2016 00:41:46;42,8078;13,1502;10,3;SURVEY-INGV;;;;ML;2,6;--;Perugia
7315411;28-08-2016 01:01:06;42,6255;13,3032;6,7;SURVEY-INGV;;;;ML;2,2;--;Rieti
7315901;28-08-2016 01:17:08;42,5923;13,2697;10,7;SURVEY-INGV;;;;ML;2,3;--;Rieti
7316811;28-08-2016 01:43:28;42,7512;13,1443;12,3;SURVEY-INGV;;;;ML;2,3;--;Perugia
7317161;28-08-2016 01:55:01;42,6107;13,2625;12,9;SURVEY-INGV;;;;ML;2,2;--;Rieti
7317701;28-08-2016 02:13:09;42,65;13,321;7,5;SURVEY-INGV;;;;ML;2,2;--;Rieti
7317871;28-08-2016 02:16:31;42,7303;13,218;10,1;SURVEY-INGV;;;;ML;2,3;--;Rieti
7318921;28-08-2016 02:40:50;42,7708;13,2152;10,5;SURVEY-INGV;;;;ML;2,7;--;Ascoli Piceno
7319791;28-08-2016 03:08:54;42,6825;13,2178;9,1;SURVEY-INGV;;;;ML;2,2;--;Rieti
7319831;28-08-2016 03:09:23;42,6208;13,2818;14,2;SURVEY-INGV;;;;ML;2;--;Rieti
7319901;28-08-2016 03:11:42;42,6297;13,3192;10,8;SURVEY-INGV;;;;ML;2;--;Rieti
7320211;28-08-2016 03:20:11;42,7932;13,1883;9,6;SURVEY-INGV;;;;ML;2,5;--;Perugia
7321591;28-08-2016 03:59:16;42,6182;13,3092;9,9;SURVEY-INGV;;;;ML;2;--;Rieti
7322551;28-08-2016 04:29:50;42,7572;13,2148;10,4;SURVEY-INGV;;;;ML;2,1;--;Ascoli Piceno
7322681;28-08-2016 04:33:13;42,7212;13,2133;9,9;SURVEY-INGV;;;;ML;2,1;--;Rieti
7323671;28-08-2016 05:10:24;42,7722;13,0933;8,4;SURVEY-INGV;;;;ML;2;--;Perugia
7323941;28-08-2016 05:16:34;42,6032;13,3092;9,8;SURVEY-INGV;;;;ML;3,1;--;Rieti
7323981;28-08-2016 05:17:50;42,6088;13,3067;11;SURVEY-INGV;;;;ML;2,2;--;Rieti
7324961;28-08-2016 05:45:06;42,6322;13,3187;9,9;SURVEY-INGV;;;;ML;2,4;--;Rieti
7325071;28-08-2016 05:49:27;42,7615;13,2522;9,2;SURVEY-INGV;;;;ML;2,1;--;Ascoli Piceno
7325451;28-08-2016 05:59:54;42,8362;13,2545;7;SURVEY-INGV;;;;ML;2,2;--;Ascoli Piceno
7325651;28-08-2016 06:04:20;42,8093;13,165;10,8;SURVEY-INGV;;;;ML;2,1;--;Perugia
7325951;28-08-2016 06:13:10;42,6252;13,3103;8,5;SURVEY-INGV;;;;ML;2,9;--;Rieti
7326181;28-08-2016 06:20:04;42,8165;13,2148;8,8;SURVEY-INGV;;;;ML;2,1;--;Ascoli Piceno
7326791;28-08-2016 06:37:20;42,7225;13,2083;10,3;SURVEY-INGV;;;;ML;3,4;--;Rieti
7326841;28-08-2016 06:38:47;42,7952;13,2073;9,9;SURVEY-INGV;;;;ML;2,3;--;Ascoli Piceno
7327801;28-08-2016 07:05:45;42,7597;13,2047;10,1;SURVEY-INGV;;;;ML;2,6;--;Ascoli Piceno
7328221;28-08-2016 07:17:50;42,6472;13,2242;14,5;SURVEY-INGV;;;;ML;2;--;Rieti
7329641;28-08-2016 07:59:54;42,796;13,2352;8,1;SURVEY-INGV;;;;ML;3;--;Ascoli Piceno
7329671;28-08-2016 08:01:17;42,7798;13,2408;14,9;SURVEY-INGV;;;;ML;2;--;Ascoli Piceno
7330831;28-08-2016 08:40:32;42,4588;13,2803;9,8;SURVEY-INGV;;;;ML;2,1;--;L'Aquila
7330801;28-08-2016 08:40:32;42,5043;13,2513;11,8;SURVEY-INGV;;;;ML;2,4;--;L'Aquila
7331681;28-08-2016 09:08:02;42,5703;13,2695;11,6;SURVEY-INGV;;;;ML;2;--;L'Aquila
7331801;28-08-2016 09:12:42;42,8672;13,2457;8,7;SURVEY-INGV;;;;ML;2,1;--;Ascoli Piceno
7331841;28-08-2016 09:13:36;42,7945;13,1852;10;SURVEY-INGV;;;;ML;2,1;--;Perugia
7332041;28-08-2016 09:18:18;42,6265;13,2948;7,8;SURVEY-INGV;;;;ML;3,3;--;Rieti
7332291;28-08-2016 09:26:44;42,5962;13,3152;11,1;SURVEY-INGV;;;;ML;2;--;Rieti
7333031;28-08-2016 09:51:50;42,6188;13,2997;10,9;SURVEY-INGV;;;;ML;2,3;--;Rieti
7333541;28-08-2016 10:01:51;42,6163;13,3023;8,3;SURVEY-INGV;;;;ML;2;--;Rieti
7333731;28-08-2016 10:05:38;42,6092;13,3138;7;SURVEY-INGV;;;;ML;2,2;--;Rieti
7333801;28-08-2016 10:06:33;42,6113;13,3012;7,4;SURVEY-INGV;;;;ML;2,1;--;Rieti
7334041;28-08-2016 10:11:47;42,8102;13,1528;10,4;SURVEY-INGV;;;;ML;2,1;--;Perugia
7334421;28-08-2016 10:24:17;42,7793;13,0992;12,7;SURVEY-INGV;;;;ML;2,5;--;Perugia
7334431;28-08-2016 10:25:33;42,7788;13,1073;10,6;SURVEY-INGV;;;;ML;3;--;Perugia
7334991;28-08-2016 10:44:07;42,7967;13,1737;9,9;SURVEY-INGV;;;;ML;2,7;--;Perugia
7335801;28-08-2016 11:13:55;42,7313;13,1983;10;SURVEY-INGV;;;;ML;2,2;--;Rieti
7337171;28-08-2016 12:09:13;42,8382;13,2218;9,2;SURVEY-INGV;;;;ML;2;--;Macerata
7337401;28-08-2016 12:17:51;42,7898;13,2448;11,3;SURVEY-INGV;;;;ML;2,9;--;Ascoli Piceno
7338361;28-08-2016 12:44:50;42,7415;13,2083;10,6;SURVEY-INGV;;;;ML;2,7;--;Rieti
7339051;28-08-2016 13:07:33;42,5953;13,2923;10,3;SURVEY-INGV;;;;ML;3,7;--;Rieti
7340691;28-08-2016 14:18:09;42,8037;13,155;10,1;SURVEY-INGV;;;;ML;2;--;Perugia
7342001;28-08-2016 15:00:58;42,7545;13,162;9,9;SURVEY-INGV;;;;ML;2,1;--;Perugia
7342121;28-08-2016 15:04:32;42,568;13,2118;11,1;SURVEY-INGV;;;;ML;2,3;--;L'Aquila
7342961;28-08-2016 15:34:06;42,8062;13,148;10;SURVEY-INGV;;;;ML;2,4;--;Perugia
7343051;28-08-2016 15:37:39;42,7732;13,1192;10,9;SURVEY-INGV;;;;ML;3,6;--;Perugia
7343111;28-08-2016 15:38:52;42,7817;13,1197;12,4;SURVEY-INGV;;;;ML;2,7;--;Perugia
7343161;28-08-2016 15:39:15;42,778;13,1308;11,7;SURVEY-INGV;;;;ML;2,6;--;Perugia
7343181;28-08-2016 15:40:09;42,7812;13,1242;12,2;SURVEY-INGV;;;;ML;2;--;Perugia
7343661;28-08-2016 15:53:33;42,6982;13,1888;4,2;SURVEY-INGV;;;;ML;2,4;--;Rieti
7343701;28-08-2016 15:55:35;42,8198;13,2382;8,7;SURVEY-INGV;;;;Mw;4,2;--;Ascoli Piceno
7344771;28-08-2016 16:25:19;42,7323;13,247;10,3;SURVEY-INGV;;;;ML;2,8;--;Rieti
7345321;28-08-2016 16:39:19;42,8387;13,1702;10,7;SURVEY-INGV;;;;ML;2;--;Macerata
7345471;28-08-2016 16:42:02;42,8207;13,1428;9,8;SURVEY-INGV;;;;Mw;3,7;--;Perugia
7346011;28-08-2016 16:54:41;42,7862;13,1687;11,1;SURVEY-INGV;;;;ML;2,3;--;Perugia
7346341;28-08-2016 17:02:14;42,8202;13,147;9,2;SURVEY-INGV;;;;ML;2;--;Perugia
7346421;28-08-2016 17:03:17;42,8003;13,1572;10,3;SURVEY-INGV;;;;ML;2,2;--;Perugia
7346991;28-08-2016 17:18:25;42,8298;13,2493;9;SURVEY-INGV;;;;ML;2;--;Ascoli Piceno
7347361;28-08-2016 17:28:32;42,779;13,1237;11,2;SURVEY-INGV;;;;ML;2;--;Perugia
7347401;28-08-2016 17:30:22;42,7738;13,1247;7,2;SURVEY-INGV;;;;ML;2;--;Perugia
7347451;28-08-2016 17:32:25;42,7802;13,1492;10,4;SURVEY-INGV;;;;ML;2,5;--;Perugia
7347491;28-08-2016 17:33:21;42,6373;13,2518;10,6;SURVEY-INGV;;;;ML;2,6;--;Rieti
7348001;28-08-2016 17:44:50;42,8287;13,2502;9,6;SURVEY-INGV;;;;ML;2,4;--;Ascoli Piceno
7348031;28-08-2016 17:45:47;42,7568;13,2277;9,8;SURVEY-INGV;;;;ML;2,4;--;Ascoli Piceno
7348581;28-08-2016 18:00:18;42,6058;13,2987;7,4;SURVEY-INGV;;;;ML;2;--;Rieti
7349121;28-08-2016 18:14:43;42,7683;13,1533;10,7;SURVEY-INGV;;;;ML;2,1;--;Perugia
7350531;28-08-2016 18:57:24;42,7817;13,13;11,4;SURVEY-INGV;;;;ML;2,1;--;Perugia
7351301;28-08-2016 19:18:28;42,6668;13,246;10,6;SURVEY-INGV;;;;ML;2,1;--;Rieti
7352111;28-08-2016 19:44:33;42,8272;13,2448;8,8;SURVEY-INGV;;;;ML;2,6;--;Ascoli Piceno
7352651;28-08-2016 19:59:33;42,8622;13,2648;8,8;SURVEY-INGV;;;;ML;2,2;--;Ascoli Piceno
7352691;28-08-2016 20:00:42;42,6058;13,2957;9,7;SURVEY-INGV;;;;ML;2,7;--;Rieti
7353481;28-08-2016 20:22:31;42,7398;13,2032;9,1;SURVEY-INGV;;;;ML;3,1;--;Rieti
7353561;28-08-2016 20:24:06;42,7808;13,1198;11,1;SURVEY-INGV;;;;ML;2;--;Perugia
7354401;28-08-2016 20:47:13;42,7578;13,1507;10,1;SURVEY-INGV;;;;ML;2,1;--;Perugia
7355441;28-08-2016 21:18:14;42,5655;13,3257;10,2;SURVEY-INGV;;;;ML;2,4;--;L'Aquila
7355501;28-08-2016 21:19:01;42,651;13,2337;12,2;SURVEY-INGV;;;;ML;2;--;Rieti
7355681;28-08-2016 21:22:33;42,7223;13,2568;10,1;SURVEY-INGV;;;;ML;2,1;--;Rieti
7355711;28-08-2016 21:23:15;42,8273;13,2483;9,5;SURVEY-INGV;;;;ML;2;--;Ascoli Piceno
7356061;28-08-2016 21:32:33;42,6867;13,2925;8,9;SURVEY-INGV;;;;ML;2,2;--;Rieti
7357211;28-08-2016 22:05:54;42,6678;13,2473;12,4;SURVEY-INGV;;;;ML;2;--;Rieti
7357621;28-08-2016 22:16:22;42,7807;13,1898;9,6;SURVEY-INGV;;;;ML;2,4;--;Perugia
7358051;28-08-2016 22:29:19;42,8062;13,2073;9;SURVEY-INGV;;;;ML;2,1;--;Ascoli Piceno
7360261;28-08-2016 23:48:33;42,8113;13,2043;10,1;SURVEY-INGV;;;;ML;2,1;--;Ascoli Piceno
7361541;29-08-2016 00:35:33;42,7303;13,1888;10,7;SURVEY-INGV;;;;ML;2,2;--;Rieti
7363391;29-08-2016 01:44:26;42,7625;13,1948;9,8;SURVEY-INGV;;;;ML;3,5;--;Ascoli Piceno
7363571;29-08-2016 01:50:15;42,8147;13,3077;20,2;SURVEY-INGV;;;;ML;2,3;--;Ascoli Piceno
7364921;29-08-2016 02:34:50;42,8218;13,2072;17;SURVEY-INGV;;;;ML;2,1;--;Ascoli Piceno
7365191;29-08-2016 02:40:36;42,7122;13,2932;13,8;SURVEY-INGV;;;;ML;2;--;Rieti
7365721;29-08-2016 03:00:52;42,8175;13,2262;9,3;SURVEY-INGV;;;;ML;2,5;--;Ascoli Piceno
7366451;29-08-2016 03:24:46;42,8023;13,2058;9,8;SURVEY-INGV;;;;ML;2,2;--;Ascoli Piceno
7367651;29-08-2016 04:04:04;42,7375;13,2113;10,1;SURVEY-INGV;;;;ML;2,7;--;Rieti
7367691;29-08-2016 04:05:46;42,8022;13,1723;9,8;SURVEY-INGV;;;;ML;2,5;--;Perugia
7368011;29-08-2016 04:15:45;42,7037;13,3142;12,2;SURVEY-INGV;;;;ML;2,1;--;Rieti
7368331;29-08-2016 04:27:23;42,7047;13,3277;14,4;SURVEY-INGV;;;;ML;2,3;--;Rieti
7368841;29-08-2016 04:50:37;42,7555;13,1817;9,9;SURVEY-INGV;;;;ML;2,1;--;Perugia
7368901;29-08-2016 04:53:24;42,6147;13,3257;10,9;SURVEY-INGV;;;;ML;2,1;--;Rieti
7369451;29-08-2016 05:19:32;42,5882;13,2935;14,8;SURVEY-INGV;;;;ML;2;--;Rieti
7369491;29-08-2016 05:25:23;42,6158;13,256;10,8;SURVEY-INGV;;;;ML;2,1;--;Rieti
7369681;29-08-2016 05:34:04;42,8137;13,1503;10,5;SURVEY-INGV;;;;ML;2,1;--;Perugia
7369991;29-08-2016 05:46:38;42,6142;13,301;10,1;SURVEY-INGV;;;;ML;2,1;--;Rieti
7370091;29-08-2016 05:48:48;42,8277;13,1552;9,9;SURVEY-INGV;;;;ML;2,2;--;Perugia
7370871;29-08-2016 06:20:11;42,7482;13,1865;9,3;SURVEY-INGV;;;;ML;3,6;--;Rieti
7371281;29-08-2016 06:33:15;42,5817;13,3062;9,7;SURVEY-INGV;;;;ML;2;--;Rieti
7372151;29-08-2016 06:59:38;42,6227;13,2953;10,2;SURVEY-INGV;;;;ML;2,6;--;Rieti
7372401;29-08-2016 07:07:37;42,8308;13,1623;9,8;SURVEY-INGV;;;;ML;2;--;Perugia
7372501;29-08-2016 07:09:45;42,7345;13,2118;9,3;SURVEY-INGV;;;;ML;2,1;--;Rieti
7372531;29-08-2016 07:10:13;42,7542;13,1837;9,8;SURVEY-INGV;;;;ML;2;--;Rieti
7373021;29-08-2016 07:28:09;42,8028;13,2107;10;SURVEY-INGV;;;;ML;2;--;Ascoli Piceno
7373241;29-08-2016 07:34:37;42,6427;13,293;9,2;SURVEY-INGV;;;;ML;2,2;--;Rieti
7375321;29-08-2016 08:54:43;42,5097;13,2928;11,3;SURVEY-INGV;;;;ML;2,2;--;L'Aquila
7375551;29-08-2016 09:07:20;42,7985;13,1612;9;SURVEY-INGV;;;;ML;2;--;Perugia
7377301;29-08-2016 10:24:35;42,8205;13,2355;9,1;SURVEY-INGV;;;;ML;2,3;--;Ascoli Piceno
7377641;29-08-2016 10:31:36;42,7817;13,1247;11,9;SURVEY-INGV;;;;ML;2,9;--;Perugia
7377661;29-08-2016 10:32:14;42,8002;13,207;9,9;SURVEY-INGV;;;;ML;2,9;--;Ascoli Piceno
7377861;29-08-2016 10:40:30;42,7442;13,2373;10,9;SURVEY-INGV;;;;ML;2,4;--;Rieti
7377911;29-08-2016 10:41:51;42,7087;13,2693;10,3;SURVEY-INGV;;;;ML;2,6;--;Rieti
7378091;29-08-2016 10:47:38;42,6472;13,3193;8;SURVEY-INGV;;;;ML;2,2;--;Rieti
7379051;29-08-2016 11:21:53;42,6198;13,2992;7,9;SURVEY-INGV;;;;ML;2,3;--;Rieti
7379351;29-08-2016 11:36:33;42,6255;13,327;10;SURVEY-INGV;;;;ML;2,1;--;Rieti
7379841;29-08-2016 11:50:48;42,8217;13,238;6,4;SURVEY-INGV;;;;ML;2,4;--;Ascoli Piceno
7381101;29-08-2016 12:39:58;42,6337;13,2858;10,4;SURVEY-INGV;;;;ML;2,4;--;Rieti
7381281;29-08-2016 12:48:45;42,6638;13,315;7,8;SURVEY-INGV;;;;ML;2,2;--;Rieti
7381431;29-08-2016 12:53:13;42,6287;13,307;8,4;SURVEY-INGV;;;;ML;2,7;--;Rieti
7382481;29-08-2016 13:29:28;42,7268;13,137;8,3;SURVEY-INGV;;;;ML;3;--;Perugia
7382511;29-08-2016 13:30:47;42,6473;13,2938;9,2;SURVEY-INGV;;;;ML;2,4;--;Rieti
7384051;29-08-2016 14:27:25;42,6315;13,3012;9,3;SURVEY-INGV;;;;ML;2,8;--;Rieti
7384301;29-08-2016 14:34:19;42,785;13,2457;8,5;SURVEY-INGV;;;;ML;2,1;--;Ascoli Piceno
7384291;29-08-2016 14:34:20;42,7927;13,2495;8,8;SURVEY-INGV;;;;ML;2,2;--;Ascoli Piceno
7385341;29-08-2016 15:10:30;42,8287;13,2623;7,8;SURVEY-INGV;;;;ML;2,1;--;Ascoli Piceno
7385481;29-08-2016 15:15:36;42,7477;13,183;10;SURVEY-INGV;;;;ML;2;--;Rieti
7385811;29-08-2016 15:25:01;42,8002;13,2387;8,7;SURVEY-INGV;;;;ML;2,4;--;Ascoli Piceno
7386381;29-08-2016 15:41:13;42,6153;13,243;13;SURVEY-INGV;;;;ML;2,1;--;Rieti
7386891;29-08-2016 15:58:09;42,7337;13,1927;9,8;SURVEY-INGV;;;;ML;2,5;--;Rieti
7387051;29-08-2016 16:02:18;42,8375;13,25;8;SURVEY-INGV;;;;ML;2;--;Ascoli Piceno
7387281;29-08-2016 16:07:39;42,7992;13,2302;9,1;SURVEY-INGV;;;;ML;2,1;--;Ascoli Piceno
7387401;29-08-2016 16:10:45;42,6717;13,2022;12,3;SURVEY-INGV;;;;ML;2,7;--;Rieti
7387751;29-08-2016 16:23:22;42,8025;13,2285;8;SURVEY-INGV;;;;ML;2,8;--;Ascoli Piceno
7387841;29-08-2016 16:24:57;42,7495;13,2468;9,8;SURVEY-INGV;;;;ML;2,7;--;Ascoli Piceno
7388221;29-08-2016 16:38:59;42,7897;13,2375;7;SURVEY-INGV;;;;ML;2,1;--;Ascoli Piceno
7388451;29-08-2016 16:43:53;42,8287;13,1483;8,7;SURVEY-INGV;;;;ML;3;--;Perugia
7388701;29-08-2016 16:49:56;42,74;13,1773;9,4;SURVEY-INGV;;;;ML;2;--;Rieti
7389081;29-08-2016 17:02:52;42,7513;13,2578;9,1;SURVEY-INGV;;;;ML;2,6;--;Ascoli Piceno
7389791;29-08-2016 17:27:37;42,7898;13,2355;9,7;SURVEY-INGV;;;;ML;2,2;--;Ascoli Piceno
7390161;29-08-2016 17:38:18;42,809;13,2422;7,5;SURVEY-INGV;;;;ML;2;--;Ascoli Piceno
7390371;29-08-2016 17:44:13;42,7563;13,1608;12,8;SURVEY-INGV;;;;ML;2,3;--;Perugia
7390701;29-08-2016 17:52:23;42,8628;13,2198;8,3;SURVEY-INGV;;;;ML;3,3;--;Macerata
7392551;29-08-2016 18:46:13;42,8182;13,2397;8,3;SURVEY-INGV;;;;ML;2;--;Ascoli Piceno
7393021;29-08-2016 19:00:31;42,8145;13,2382;8,7;SURVEY-INGV;;;;ML;2;--;Ascoli Piceno
7393171;29-08-2016 19:04:52;42,8512;13,2232;8,3;SURVEY-INGV;;;;ML;2,9;--;Macerata
7394091;29-08-2016 19:28:58;42,5962;13,3022;9,9;SURVEY-INGV;;;;ML;2,1;--;Rieti
7394481;29-08-2016 19:37:52;42,7348;13,1945;10,5;SURVEY-INGV;;;;ML;2,2;--;Rieti
7396711;29-08-2016 20:37:13;42,8057;13,2438;7,6;SURVEY-INGV;;;;ML;2,3;--;Ascoli Piceno
7399521;29-08-2016 21:47:38;42,7942;13,2032;9,5;SURVEY-INGV;;;;ML;2,6;--;Ascoli Piceno
7400451;29-08-2016 22:09:51;42,7455;13,2262;12,4;SURVEY-INGV;;;;ML;2,3;--;Rieti
7400581;29-08-2016 22:13:22;42,8337;13,1323;9,9;SURVEY-INGV;;;;ML;2;--;Perugia
7401751;29-08-2016 22:45:23;42,7437;13,2238;12,9;SURVEY-INGV;;;;ML;2,3;--;Rieti
7403661;29-08-2016 23:34:58;42,8553;13,2197;8,9;SURVEY-INGV;;;;ML;2,1;--;Macerata
7404031;29-08-2016 23:44:31;42,7538;13,1495;10,4;SURVEY-INGV;;;;ML;2;--;Perugia
7404171;29-08-2016 23:47:26;42,7543;13,1502;9,7;SURVEY-INGV;;;;ML;2;--;Perugia 
